,href,title,journalist_name,datestamp,article
0,https://n.news.naver.com/mnews/article/029/0002990439,한미 관세협상 타결…제약·바이오업계 “100% 고율 관세 부과 리스크 해소” 안도,강민성 기자(kms@dt.co.kr),2025.10.30. 오후 2:42,"
			국내 제약바이오업계가 한미 관세 협상 타결 소식에 안도하는 모습이다. 특히 제네릭(복제약)의약품에 대해 미국이 무관세를 적용키로 해 국내 제약업계가 환영하고 있다.한국제약바이오협회는 30일 논평을 통해 “한미 간 관세 협상이 타결된 것을 크게 환영한다”며 “협상 타결을 위해 헌신해 주신 정부 관계자들의 노고에 박수를 보낸다”고 말했다.김용범 대통령실 정책실장은 지난 29일 경북 경주 APEC(아시아태평양경제협의체) 미디어센터에서 진행된 한미 정상회담 브리핑에서 “품목 관세 중에서 의약품은 최혜국 대우를 받기로 했다”며 “제네릭 의약품 등은 무관세를 적용받기로 했다”고 말했다. 최혜국 대우 시 한국은 유럽연합(EU)·일본과 유사한 15% 수준의 의약품 관세를 부과받을 것으로 관측된다.다만 국내 기업들의 미국 수출 물량이 비교적 많은 바이오시밀러(바이오의약품 복제약)는 아직 어떤 관세 범위에 포함되는지 알려지지 않았다. 또 한미 간 협상에서 합의한 의약품 관세 부과 기준이 완제의약품인지, 원료의약품인지 알려지지 않았다.업계는 관세 범위와 관계없이 최대 15% 관세율을 적용받게 돼 불확실성이 해소됐다고 평가한다.앞서 트럼프 대통령은 지난달 미국에 공장을 건설하지 않은 기업의 의약품에 대해 이달부터 100% 관세를 부과하겠다고 밝힌 바 있다. 이에 대미 수출 비중이 큰 셀트리온은 미국 현지 생산 거점을 마련했다. SK바이오팜도 미국령인 푸에르토리코에 위탁생산 시설을 확보했다.한국제약바이오협회는 한미 관세 협상 타결과 관련해 “트럼프 2기 정부 출범 이후 의약품에 대한 고율의 관세부과 예고로 대미 수출 기업들의 우려가 높은 상황이었는데, 이번 협상을 통해 불확실성이 제거된 것은 매우 의미있는 성과”라고 말했다. 그러면서 “제네릭 의약품의 무관세 유지와 함께 최혜국대우(MFN)를 확보하고, 여타 주요국 대비 불리하지 않은 관세 조건을 보장받게 된 것은 우리 제약바이오 산업의 글로벌 경쟁력 강화에 긍정적인 영향을 줄 것으로 기대된다”고 했다.제약·바이오협회 관계자는 “우리 기업들의 주요 수출 품목인 바이오 시밀러 등의 무관세 적용 여부가 여전히 불분명한데, 이에 대해서도 무관세 혜택이 유지되기를 기대한다”고 말했다.

김용범 정책실장이 29일 경북 경주 APEC 미디어센터에서 한미 정상회담 관련 브리핑을 하고 있다. 연합뉴스
"
1,https://n.news.naver.com/mnews/article/030/0003364917,"SK하이닉스, 첫 '사장급' CTO 배출…SK온 대표엔 전략통","박진형 jin@etnews.com, 이호길 eagles@etnews.com",2025.10.30. 오후 2:32,"


차선용 SK하이닉스 미래기술연구원장 사장SK하이닉스가 첫 사장급 최고기술책임자(CTO)를 배출했다. 첨단 메모리 기술 개발로 회사 성장에 기여한 공로를 인정한 결과다.SK그룹은 11월 1일자로 차선용 SK하이닉스 미래기술연구원장을 사장으로 승진 발령한다고 30일 밝혔다.미래기술연구원은 SK하이닉스 CTO가 이끄는 연구개발(R&D) 조직이다. 차세대 메모리 개발 로드맵을 세우고 이를 주도하고 있다.2022년부터 미래기술연구원장을 맡아왔던 차선용 원장은 첨단 메모리 개발에 기여한 공로를 인정 받은 것으로 풀이된다.SK하이닉스는 인공지능(AI) 시대 필수 반도체로 떠오른 고대역폭메모리(HBM)로 세계 D램 시장 1위를 차지했다. HBM의 중요성과 성장 가능성을 미리 예측하고 선제적으로 기술을 개발한 결과다.SK하이닉스 CTO가 사장으로 진급한 건 차선용 원장이 최초다. 대표이사를 제외하면 사업 조직에서 사장 진급은 있었지만 그동안 CTO는 부사장급이 맡아왔다. 기술 중심 경영 원칙과 기조를 강화한 것으로 해석된다.

이용욱 SK온 신임 각자대표 사장

정광진 SK실트론 신임 대표SK온은 이용욱 SK실트론 사장을 신임 대표로 선임하고 기존 이석희 사장과 각자 대표체제로 재편했다. 이용욱 사장은 SK그룹 반도체 소재 사업의 다변화와 경쟁력 강화에 기여한 '전략통'이다. SK㈜ 포트폴리오 매니지먼트 실장, 투자2센터장을 역임하며 SK그룹의 반도체 소재산업 포트폴리오를 확장했다. 이용욱 사장은 고전 중인 배터리 사업의 경쟁력 강화에 집중할 것으로 보인다. 이석희 사장은 북미 지역을 중심으로 고객 관리와 차세대 기술 연구개발(R&D) 업무를 맡을 예정이다.공석이 된 SK실트론 대표 자리는 SK실트론CSS 정광진 대표가 채운다. SK실트론CSS는 2020년 인수한 듀폰의 실리콘카바이드(SiC) 웨이퍼 사업부다. 정 대표는 회사 내 전략·투자 요직을 두루 지냈으며 SK실트론CSS 대표를 맡은 지 1년 만에 다시 복귀한다.SKC는 이번에 사장으로 승진한 자회사 SK엔펄스 김종우 대표를 신임 대표로 내정했다. 회사의 안정적 사업 운영과 미래 성장 기반 확보에 집중한다는 방침이다.

김종우 SKC 사장
"
2,https://n.news.naver.com/mnews/article/030/0003364915,삼성 반도체가 살아났다…엔비디아 공급망 본격 진입,권동준 djkwon@etnews.com,2025.10.30. 오후 2:30,"


제27회 반도체대전이 22일 서울 강남구 코엑스에서 열렸다. 참관객이 삼성전자의 6세대 고대역폭 메모리 'HBM4'를 살펴보고 있다.  이동근기자 foto@etnews.com삼성 반도체가 부활했다. 근원적 경쟁력 회복을 천명한 끝에 메모리가 역대 최대 매출을 기록했고, 엔비디아 공급망에도 본격 진입했다.삼성전자는 30일 3분기 실적 컨퍼런스콜에서 “HBM3E를 전 고객 대상으로 판매 중”이라고 밝혔다. 구체적 사명을 공개하지 않았지만 엔비디아 납품을 공식화한 것이다.HBM3E는 엔비디아 최신 AI 가속기 '블랙웰'에 탑재되는 제품이다. 엔비디아가 전 세계 최대 수요처다. 삼성은 그동안 엔비디아에 HBM2, HBM3를 공급했으나 이렇다할 성과를 거두지 못했다. 기술적 문제로 경쟁사보다 진입이 늦어 물량이 적었다. 최신 제품인 HBM3E는 납품조차 못했다. SK하이닉스와 마이크론은 엔비디아에 HBM3E를 공급하며 승승장구했다.삼성전자는 지난해 말부터 HBM을 구성하는 메모리 셀부터 설계를 개선하는 강수를 뒀는데, 마침내 정상 궤도에 오른 것으로 풀이된다. 이번에 엔비디아 테스트를 통과한 HBM3E도 D램(1a) 설계 개선의 결과물이어서 주목된다.HBM3E 공급은 삼성 메모리 사업 부활을, 나아가 회사 전체 실적 개선까지 이끌었다. 삼성전자는 HBM 판매가 전분기 대비 80% 중반(비트 기준)까지 늘었다고 밝혔다. 이에 힘입어 3분기 메모리 사업 매출은 26조7000억원을, 반도체(DS) 전체 매출은 33조1000억원을 달성했다. 메모리는 삼성 반도체 매출의 81%를 차지했다.반도체 사업 호조에 힘입어 삼성전자 3분기 매출은 총 86조1000억원을 기록했다. 회사 전체 영업이익은 12조2000억원, 반도체 영업이익은 7조원으로 집계됐다.4분기 및 내년 HBM 성과 기대도 커졌다. AI 확산에 따른 공급 부족이 발생해서다. 삼성전자 측은 “내년 HBM 생산 계획에 대한 고객 수요는 이미 확보했다”며 HBM 완판을 시사했다. HBM 증산까지 검토 중이라고 밝혔다.HBM4 전망도 긍정적이다. 엔비디아 성능평가(퀄 테스트)를 진행 중이다. 이르면 다음달 결과가 나온다. SK하이닉스·마이크론 뿐 아니라 삼성전자도 엔비디아 공급이 유력하다. 삼성전자는 HBM4에 차세대인 10나노미터(㎚) 6세대 D램(1c)를 적용, 경쟁업체와 차별화했다.젠슨 황 엔비디아 최고경영자(CEO)와 30일 저녁 이재용 삼성전자 회장과 회동한다. 이 자리에는 정의선 현대차그룹 회장도 함께 한다. 엔비디아와 삼성, 현대 간 전략적 협력이 추진될 것으로 관측된다.

삼성전자 2025년 2분기·3분기 실적 비교 - 자료 : 삼성전자(단위 : 조원)
"
3,https://n.news.naver.com/mnews/article/030/0003364905,이형희 부회장 승진·SKT CEO에 정재헌...SK 사장단 인사 단행,"박지성 jisung@etnews.com, 조성우 good_sw@etnews.com",2025.10.30. 오후 2:22,"


SK 로고SK그룹이 조직·재무구조 안정화에 초점을 둔 2026년 사장단 인사를 단행했다. 이형희 부회장, 정재헌 사장, 강동수 사장 등이 승진해 중책을 맡았다. 〈관련기사 *면〉SK그룹은 30일 임시 수펙스추구협의회를 열고 그룹사별 이사회를 통해 결정된 사장 인사를 공유했다. SK그룹은 올해 인사를 예년에 비해 약 1개월 가량 앞당겼다. 보호무역 등 국내외 경제 불확실성이 가중되는 가운데, 성과를 증명한 인사를 조기에 전진 배치해 내년 시장 상황에 대응하려는 행보다.SK그룹 최고 협의기구인 수펙스추구협의회에서는 이형희 전 커뮤니케이션위원장이 부회장으로 승진했다. 이 부회장은 안정적 대외 커뮤니케이션 능력과 SK텔레콤·SK브로드밴드 등 경영경험을 살려, SK그룹 안정화에 기여하려는 행보다. SK주식회사는 재무·사업개발 전문가인 강동수 PM부문장이 사장으로 승진해 운영 전반을 총괄하고 장용호 대표이사 사장을 보좌할 예정이다. 유영상 SK텔레콤 사장은 SK수펙스추구협의회 AI위원회 위원장으로 그룹 AI 확산에 전념한다. 윤풍영 SK AX 대표는 수펙스추구협의회 담당 사장으로 자리를 옮긴다. 수펙스 커뮤니케이션위원장에는 염성진 CR팀장이 사장으로 승진·보임됐다.정보통신기술(ICT) 분야에서 AI 시대 핵심 주력 계열사인 SK텔레콤은 정재헌 최고 거버넌스책임자(CGO)가 최고경영자(CEO) 역할을 맡게 됐다. 통신 사내회사(CIC) 사장으로 한명진 전 SK스퀘어 사장을 선임, 통신과 AI 쌍두마차 체제를 가동한다. SK스퀘어는 김정규 SK 비서실장을 신임 사장으로 선임했다. SK AX는 클라우드 사업 분야에서 잔뼈가 굵은 김완종 부사장을 신임 사장으로 선임했다.에너지 분야의 경우 SK온은 소재와 제조업 전문성이 높은 이용욱 SK실트론 대표이사를 사장으로 선임했다. SKC는 자회사 SK엔펄스를 이끌고 있는 김종우 대표를 사장으로 선임한다. SK에코플랜트는 장동현 부회장과 함께 사업을 이끌어 갈 신임 사장으로 김영식 SK하이닉스 양산총괄을 선임했다. SK이노베이션 E&S는 이종수 LNG(액화천연가스)사업본부장을 사장으로 선임했다.SK하이닉스에서는 차선용 미래기술연구원장이 사장으로 승진했다. SK실트론은 정광진 자회사 SK실트론CSS 대표를 선임했다. SK 머티리얼즈 CIC를 맡고 있는 송창록 대표는 사장으로 승진했다.SK그룹 관계자는 “이번 인사는 불확실한 경영 환경 속에서 차세대 리더 보임을 통해 그룹 경영 후보군을 탄탄히 함과 동시에, 현장과 실행 중심의 리더십을 강화했다”면서 “이를 통해 앞으로 그룹 전반의 경쟁력과 조직 역동성을 높여 나가겠다”고 밝혔다.
"
4,https://n.news.naver.com/mnews/article/030/0003364901,"[이슈플러스] 갤Z폴드7 흥행에 호실적…삼성폰, 4분기 플래그십 주력",남궁경 nkk@etnews.com,2025.10.30. 오후 2:20,"


노태문 삼성전자 DX부문장 직무대행 사장이 미국 뉴욕 브루클린 듀갈 그린하우스에서 열린 '갤럭시 언팩 2025' 행사에서 갤럭시Z7시리즈를 소개하고 있다.삼성전자 MX(모바일 경험)·네트워크(NW) 사업 부문은 올 3분기 매출 33조5000억원, 영업이익 3조6000억원을 기록했다. 매출과 영업이익 모두 전년 동기 대비 각각 12%, 0.7% 증가했다. 계절적 비수기였던 지난 분기와 비교해도 각각 18%, 0.5% 늘며 안정적 실적 흐름을 이어갔다.실적 개선의 핵심은 지난 7월 출시된 하반기 전략 스마트폰 '갤럭시Z7' 시리즈의 글로벌 흥행이다. 특히 갤럭시Z폴드7을 중심으로 판매량과 금액 모두 두 자릿수 성장세를 기록했다. 이 영향으로 올 3분기 스마트폰 출하량은 6100만대, 태블릿 출하량은 700만대로 집계됐다. 스마트폰 ASP(평균판매가격)는 전 분기 270달러에서 304달러(약 43만원)로 12.6% 상승했다.삼성전자는 연말 성수기를 맞아 갤럭시S25 시리즈와 폴더블폰 등 AI 스마트폰 판매를 지속 확대할 방침이다. 프리미엄 태블릿과 웨어러블 신제품도 잇따라 선보이며 제품군 전반의 경쟁력을 강화한다. 아라우호 삼성전자 상무는 이날 3분기 컨퍼런스콜을 통해 “갤럭시 탭S11 등 새로 출시한 탭과 워치 시리즈를 중심으로 판매를 확대해 프리미엄 에코시스템 시장 지배력을 확대할 것”이라고 밝혔다.삼성전자는 10월 선보인 첫 XR 헤드셋 '갤럭시 XR'에 이어, 11월 중에는 화면을 두 번 접는 '트리폴드폰' 신제품을 출시해 계절적 비수기 공백을 메운다는 전략이다. 트리폴드폰은 인폴딩 구조를 채택한 폴더블폰으로, 양쪽 화면을 모두 펼치면 최대 10인치까지 확장된다. 출고가는 약 430만원으로 예상되고 있다. 흥행 여부에 따라 실적에 일정 부분 기여할 전망이다. 다만 초도물량은 역대 갤럭시 스마트폰 중 가장 적은 5만대 수준이다.올 4분기는 시장 경쟁 심화와 원가 부담 등으로 실적 압박이 예상된다. 글로벌 프리미엄 시장의 경쟁이 심화되는 가운데 메모리 가격 반등세로 인한 원가 압력이 커지고 있다. 아라우호 상무는 “메모리 가격이 3분기부터 본격적으로 반등했고, 4분기 인상폭이 확대될 전망이라 재료비 부담 증가가 예상된다”며 “수익성이 좋은 플래그십 중심 매출을 지속 확대하겠다”고 말했다. 그러면서 “부품 표준화 등 프로세스 최적화 노력과 함께 비효율 개선 및 원가 절감 활동도 지속 추진하겠다”고 덧붙였다.갤럭시 AI 확장을 통한 매출 확장도 노린다. 삼성전자에 따르면 올해 출시한 플래그십 단말 대부분의 사용자가 갤럭시 AI를 활용 중이다. 주간 이용률 60%, 월간 이용률 80%에 달한다. 삼성전자는 “AI 리더십 강화를 통해 플래그십 제품 중심으로 판매를 확대하고 원가 효율화도 지속 추진할 계획”이라며 “새롭게 출시한 갤럭시 XR 등 혁신 제품과 차세대 AI 경험을 제공해 갤럭시 생태계를 강화하고 매출 성장을 이어갈 방침”이리고 밝혔다.
"
5,https://n.news.naver.com/mnews/article/092/0002396156,"삼성전자, 3분기 스마트폰 6100만대 출하",신영빈 기자(burger@zdnet.co.kr),2025.10.30. 오후 2:18,"
""AI·폴더블 중심 프리미엄 강화…내년 갤럭시S26, 차세대 AR 경험 제공""삼성전자가 지난 3분기 스마트폰과 태블릿 출하량이 각각 6천100만대, 700만대를 기록한 것으로 집계됐다.삼성전자는 30일 3분기 실적발표 컨퍼런스콜에서 ""내년 스마트폰 시장에서 인공지능(AI) 리더십과 폼팩터 혁신을 앞세운 플래그십 중심 전략을 이어가겠다""고 밝혔다.폴더블 성장세를 기반으로 초프리미엄 시장을 넓히는 한편, AI 기능을 강화한 갤럭시S26 시리즈로 차세대 사용자 경험을 제공한다는 구상이다.

삼성전자 갤럭시Z폴드7 (사진=삼성전자)삼성전자 모바일 경험(MX) 사업부는 3분기 플래그십 신제품 효과로 매출과 영업이익이 전분기 대비 모두 성장했다. 특히 갤럭시Z 폴드7을 중심으로 폴더블 제품 수량과 금액이 모두 전년 대비 두 자릿수 성장을 기록했다.스마트폰 평균판매가격(ASP)는 304달러(약 43만2천원)로 직전 분기 대비 약 13% 상승했다. 삼성전자는 연말 성수기 진입에도 불구하고 프리미엄 시장 경쟁이 한층 치열해질 것으로 내다봤다.삼성전자 측은 ""메모리 등 부품 가격 상승이 예상돼 원가 부담이 가중될 것으로 전망된다""며 ""플래그십 중심 판매와 전사적 프로세스 효율화를 통해 수익성을 유지하겠다""고 설명했다.삼성전자는 내년 스마트폰 시장이 금액·수량 모두 전년 수준 정체 국면을 보일 것으로 전망하면서도, 프리미엄 세그먼트에서는 폴더블 중심 성장이 지속될 것으로 내다봤다.내년 갤럭시S26 시리즈에는 차세대 AR 경험과 2세대 커스텀 AP, 신규 카메라 센서를 적용해 사용자 중심 경험 혁신을 실현하겠다고 밝혔다. 폴더블 라인업도 확장도 예고했다.삼성전자는 스마트폰 외 제품군에서도 AI 기능을 중심으로 한 생태계 확장 전략을 구체화했다. 워치 제품은 헬스 AI 경험을 강화하고, 무선이어폰(TWS)은 라인업 확장을 통해 신규 수요를 창출할 계획이다.MX 사업부는 ""AI 리더십 강화와 폼팩터 혁신을 통해 어려운 환경 속에서도 성장세를 이어가겠다""고 강조했다.
"
6,https://n.news.naver.com/mnews/article/469/0000894735,내년 발사 NASA 유인 우주선에 K반도체 실린다... 한미 회담 후 확정,김태연 기자 (tykim@hankookilbo.com),2025.10.30. 오후 2:17,"
양국 정상회담 후 백악관 팩트시트 명시우주 방사선 측정 위성 'K-라드큐브'에삼성전자·SK하이닉스 반도체 탑재하고내년 4월 우주인 4명과 함께 달 궤도로

미국 항공우주국(NASA·나사)의 유인 달 탐사선 아르테미스 2호에 실을 큐브위성 K-RadCub의 구성도. 한국천문연구원 제공한미 정상 간 합의로 미국 항공우주국(NASA·나사) 차세대 유인 달 탐사 미션의 한국 참여가 공식화했다. 이에 따라 내년 4월 발사 예정인 '아르테미스 2호'에 한국이 개발한 우주 방사선 측정 위성 'K-라드큐브(RadCube)'가 탑재된다.우주항공청은 한미 정상회담 이후 백악관이 발표한 팩트시트(설명자료)에 이 같은 내용이 명시됐다고 30일 밝혔다. K-라드큐브는 우주 방사선을 측정해 방사선이 우주인에게 미치는 영향을 분석하는 과학 임무용 위성으로, 한국천문연구원이 임무 개발을 총괄한다. 아르테미스 2호 프로젝트는 미국이 1972년 아폴로 17호 이후 처음으로 달 궤도에 유인 우주선을 보내는 임무다. 우주청은 올해 5월 한국의 큐브위성을 탑재하겠다는 이행 약정을 체결했고, 이후 개발된 위성을 나사 케네디우주센터로 보냈다.K-라드큐브의 주 임무는 우주 방사선 측정이다. 달 탐사 중 발생할 수 있는 피폭 위험을 평가하고 인체에 미치는 영향과 방호 방법을 연구한다. 이 위성은 고궤도 내 방사선 영역인 밴앨런복사대에서 약 28시간, 최대 2주 정도의 계측 임무를 진행할 계획이다.국내 반도체 기술을 검증할 기회이기도 하다. 삼성전자, SK하이닉스는 우주 방사선에 피폭돼도 오류를 일으키지 않는 반도체를 개발해 K-라드큐브에 탑재한다. 삼성전자는 고궤도 방사선 환경에서도 반도체가 정상 작동하는지를 검증하고, SK하이닉스는 지상·항공 환경에서도 안정적으로 작동하는 메모리 반도체를 실험할 계획이다.아르테미스 2호는 나사 주관 아래 내년 4월 발사될 예정이다. 우주인 4명을 태우고 달 궤도에 진입한 뒤 임무를 마치고 지구로 돌아온다. 우주항공청은 ""빈틈없는 후속 조치에 만전을 기하겠다""며 ""내실 있는 한미 우주 협력을 통해 글로벌 우주 강국으로 도약하기 위해 최선을 다하겠다""고 약속했다.
"
7,https://n.news.naver.com/mnews/article/092/0002396154,"LG디스플레이, 3분기 영업익 4310억원…연간 흑자전환 확실시",장경윤 기자(jkyoon@zdnet.co.kr),2025.10.30. 오후 2:17,"
3분기 OLED 제품 매출 비중 65% 역대 최대치 경신LG디스플레이가 올 3분기 흑자전환에 성공했다.주요 고객사의 신제품 출시 효과에 따른 중소형 OLED 출하량 확대, 원가 혁신 전략으로 전분기 및 전년 동기 대비 영업이익 5천억원 이상 증가한 데 따른 효과다. 이로써 회사는 4년만에 연간 흑자전환을 이뤄낼 수 있을 것으로 기대된다.LG디스플레이는 올 3분기 연결기준 매출액 6조9천570억원, 영업이익 4천310억원을 기록했다고 30일 밝혔다.매출액은 전분기 대비 25%, 전년동기 대비 2% 증가했다. 영업이익은 전분기 및 전년동기 대비 모두 흑자전환했다.

LG디스플레이 파주 사업장 전경.(사진=LG디스플레이)회사는 3분기까지 누적 매출 18조6천92억원, 누적 영업이익 3천485억을 기록했다. 이로써 4년만에 연간 흑자 전환이 확실시된다. 누적 매출은 전년 동기 대비 LCD TV 사업 종료로 인해 1% 감소했음에도 누적 영업실적은 약 1조원 개선하며 OLED 중심의 사업 체질 개선이 성과로 가시화 되는 셈이다.3분기 매출은 전 제품군에서 OLED 패널 출하가 확대되며 전분기 대비 25% 증가했다. 전체 매출 내 OLED 제품 비중은 계절적 성수기에 더해 중소형 OLED 패널의 신제품 출시 효과로 역대 최고 수준인 65%를 기록했다.제품별 판매 비중(매출 기준)은 TV용 패널 16%, IT용 패널(모니터, 노트북 PC, 태블릿 등) 37%, 모바일용 패널 및 기타 제품 39%, 차량용 패널 8%다.손익 측면에서는 OLED 제품군 전반의 출하 확대와 함께 강도 높은 원가 혁신 활동을 지속한 결과, 전분기 및 전년 동기 대비 5천억원 이상 개선하며 흑자 전환했다. 인력 운영 효율화를 위한 일회성 비용을 3분기에 일부 반영했음에도, 시장 기대치에 부합하는 실적을 기록했다.EBITDA(상각 전 영업이익)는 1조4천239억원으로 전분기 대비35%, 전년 동기 대비 23% 증가했고, EBITDA 이익률도 20.5%를 기록했다.LG디스플레이는 OLED의 차별화된 기술 경쟁력을 강화하는 가운데, 프리미엄 제품 매출 비중을 확대하고 효율적 운영 체계를 통해 고객 가치를 제고하고 수익성 강화에 집중할 계획이다.중소형 사업은 기술 리더십과 안정적인 공급 역량을 기반으로 고객과의 긴밀한 협업을 통해 사업 경쟁력을 강화한다. 아울러 미래 기술에 대한 체계적인 준비를 통한 프리미엄 제품을 앞세워, 시장과 고객의 다양한 니즈에 대응하며 사업 기회를 확대해 나갈 계획이다.대형 사업은 OLED 제품의 근본 경쟁력을 강화하고 제품군을 다변화하며 안정적 성과를 지속 확보해 나갈 계획이다. LG디스플레이 대형 OLED 기술은 세계 최초로 대형 OLED를 상용화한 이래 ‘완벽한 콘텐츠 재현력’을 검증받은 4세대 OLED까지 빠르게 발전해 나가고 있다. 축적된 기술력을 바탕으로 게이밍 모니터 등 소비자 니즈를 반영한 차별화·하이엔드 제품 라인업을 더욱 확대하며 프리미엄 시장 내 입지를 공고히한다는 전략이다.차량용 사업은 탠덤 기술 기반의 P(플라스틱)-OLED, ATO(ADVANCED THIN OLED), 하이엔드 LTPS(저온다결정실리콘) LCD 등 차별화된 제품·기술 포트폴리오와 확고한 고객관계를 기반으로 성장하는 차량용 디스플레이 시장에서 리더십을 지속적으로 강화해 나갈 계획이다.김성현 LG디스플레이 CFO(최고재무책임자)는 “지난 몇 년간 대외 환경의 불확실성과 변동성이 이어졌음에도 전략 과제의 실행력을 높이고, 선택과 집중을 통한 사업 운영을 통해 매년 사업 성과를 확대해 왔다”며 “올해 연간 기준의 수익성 턴어라운드는 가시화 됐으며, 강화된 사업 체질과 운영 역량을 바탕으로 앞으로도 수익구조를 한층 강화하고 지속적으로 사업 성과를 확대해 나가도록 노력할 것”이라고 밝혔다.
"
8,https://n.news.naver.com/mnews/article/092/0002396153,"LG이노텍, 3분기 영업익 2037억원...전년比 56.2% 증가",전화평 기자(peace201@zdnet.co.kr),2025.10.30. 오후 2:14,"
고부가 카메라 모듈·반도체 기판 등 공급 확대로 영업이익 증가LG이노텍이 고부가 카메라 모듈과 통신용 반도체 기판 공급량 증가로 올해 3분기 호실적을 기록했다.LG이노텍은 올해 3분기 영업이익으로 전년 대비 56.2% 증가한 2천37억원을 기록했다고 30일 밝혔다. 매출의 경우 전년 동기 대비 5.6% 감소한 5조3천694억원을 달성했다. 전체 매출이 감소한 가운데, 영업이익만 상승한 셈이다.회사 관계자는 “계절적 성수기 진입으로 고부가 카메라 모듈 및 RF-SiP 등 통신용 반도체 기판의 공급이 증가했다”고 설명했다. 그러면서 “우호적 환율에 더해 광학, 전장 등 사업부별 수익성 제고 활동 성과가 가시화되며 전년 동기 대비 영업이익이 크게 늘었다”고 덧붙였다.이어 “4분기는 모바일 신모델 공급 성수기로, 카메라 모듈을 비롯해 RF-SiP 등 통신용 반도체 기판의 매출 성장세가 지속될 것으로 예상된다”며, “또한 글로벌 고객사향 FC-BGA(플립칩볼그리드어레이)제품 라인업 확대, 전장부품 원가 혁신을 통한 수익성 개선이 예상된다”고 말했다.

LG이노텍 마곡본사.(사진=LG이노텍)기판·전장 부문 성장세...광학솔루션, 모바일용 고부가 카메라 모듈 공급 점진적 증가사업 부문별로는 광학솔루션사업이 전년 동기 대비 7.4% 감소한 4조4천812억원의 매출을 기록했다. 전분기 대비 46.8% 늘었다. 모바일 신모델 양산에 본격 돌입하며 모바일용 고부가 카메라 모듈 공급이 점진적으로 증가했다.기판소재사업은 전년 동기 대비 18.2% 증가한 4천377억원의 매출을 달성했다. 전분기 대비 5.2% 증가한 수치다. 모바일 신모델 양산 본격화로 RF-SiP를 중심으로 한 반도체 기판의 공급이 확대되며 매출이 상승했다.전장부품사업은 전년 동기 대비 5.7% 성장한 4천506억원의 매출을 기록했다. 전방 산업의 수요 약세로 매출이 소폭 줄었으나, 고부가 제품인 차량 조명 모듈의 매출 성장세는 이어지고 있다. 수주잔고 역시 5년 연속 우상향하고 있다. 올해 3분기 기준 수주잔고는 17조8천억원으로 집계됐다.전장부품사업은 차량 통신∙조명 등 고부가 부품의 매출 비중 확대와 함께, 글로벌 생산 체계 최적화, 공정 혁신 등 원가 경쟁력 제고 활동으로 수익성 개선을 가속화한다는 방침이다.LG이노텍은 확장성 높은 원천기술을 바탕으로 신사업을 적극 육성하며 사업 포트폴리오 다변화에 속도를 내고 있다.회사는 차량 센싱∙통신∙조명 등 AD/ADAS용 부품 및 고부가 반도체 기판 사업, 그리고 로봇∙드론∙우주산업용 부품 사업 등을 미래 육성사업으로 지정하고, 2030년까지 이들 사업의 매출을 8조원 이상, 매출 비중을 전체의 25% 이상으로 확대한다는 목표다.이와 함께 수익성 개선에 주력한다는 방침이다.박지환 CFO(전무)는 “베트남, 멕시코 신공장 증설을 바탕으로 전략적 글로벌 생산지 운영을 가속화하는 한편, AX(AI Transformation) 도입 확대, 핵심 부품 내재화 등을 통해 원가 경쟁력을 빠르게 높여 나갈 것”이라고 말했다.
"
9,https://n.news.naver.com/mnews/article/584/0000035095,"韓 양자컴 인재 10위, 양자통신·센싱 12위…글로벌 '양자 인재' 분석",이병구 기자 2bottle9@donga.com,2025.10.30. 오후 2:07,"
과기정통부 미래인재특별위원회

양자컴퓨팅 분야 글로벌 Top10 인력지도. 과기정통부 제공   전세계 양자 분야 논문 분석을 통해 글로벌 양자 인재 분포를 지도화한 결과 한국의 양자 인재 수는 양자컴퓨팅에서 10위, 양자통신, 양자센싱에서 12위권에 위치한 것으로 나타났다. 국내 인공지능(AI) 분야에서 현재 채용공고가 가장 많은 직무는 'AI 응용 개발'로 AI 직무에서 경력을 요구하는 비중도 전보다 높아진 것으로 분석됐다.  과학기술정보통신부는 30일 제22회 미래인재특별위원회(미래인재특위)를 열고 양자 분야 '국가전략기술 글로벌 인력지도 분석(안)', AI 분야 '국가전략기술 인재 산업 수요 분석 결과(안)' 등을 심의·의결했다고 밝혔다. 이번 회의는 박인규 과학기술혁신본부장이 취임 후 처음 주재한 회의다.  양자컴퓨터 등 양자과학기술은 기존 기술의 한계를 뛰어넘어 파급력이 큰 국가전략기술로 전세계에서 연구비 투자, 인재 확보에 총력을 기울이고 있다.  

양자통신 분야 글로벌 Top10 인력지도. 과기정통부 제공   과기정통부는 양자 분야를 양자컴퓨팅, 양자통신, 양자센싱 등 3개 중점 분야로 나누고 연구 논문을 심층 분석해 글로벌 핵심 인재 분포와 연구 트렌드 변화를 파악하고 이를 지도화했다. 분석 대상은 논문 제1저자와 교신저자가 대상이다. 국제협력의 경우 모든 저자를 대상으로 분석됐다.  분석 결과 중국과 미국이 모든 양자 중점기술에서 가장 많은 연구자를 보유한 것으로 나타났다. 중국과 미국은 논문 피인용 수 상위 10%인 핵심 연구자의 과반을 차지했고 피인용 수 상위 1% 연구자의 경우 중국과 미국의 비중이 더 컸다.  국가별 상위 1% 연구자는 미국에서는 구글, IBM 등 산업계, 중국과 독일 등에서는 연구계에도 다수 분포한 것으로 나타났지만 한국의 상위 1% 연구자는 서울대, 성균관대, KAIST 등 학계에만 포함된 것으로 분석됐다.  

양자센싱 분야 글로벌 Top10 인력지도. 과기정통부 제공   핵심 양자 연구자의 국가별 유출입 분석 결과 최근 10년간 중국, 미국이 모든 분야에서 순유입 국가로 나타났다. 한국은 양자컴퓨팅 21명, 양자통신 10명, 양자센싱 16명이 순유입됐다. 또 과거와 비교해 기관 내 연구 협력 사례는 줄었지만 국내 기관 간, 국제 협력은 증가했다.  과기정통부는 국가전략기술 전 분야에 걸쳐 인력지도 구축을 확대하고 과기정책 수립 및 지원의 주요 근거로 활용할 방침이다.  AI 분야 국가전략기술 인재 산업 수요 분석은 '국가전략기술 육성에 관한 특별법'에 근거해 수행하는 조사로 지난해 이차전지 분야에 이어 올해 AI 분야 기업 채용공고가 분석됐다.  과기정통부는 AI 관련 키워드를 기반으로 2017년부터 지난해 8월까지 나온 채용공고를 수집했다. 2389개 기업 9281건 채용공고가 분석됐다. 유사한 직무를 그룹화해 5개 대분류, 9개 중분류, 22개 소분류로 자체 AI 분야 직무 분류 체계를 마련했다.  

국내 인공지능(AI) 분야 인재 산업 수요 분석 결과. 과기정통부 제공   분석 결과 AI 인재 채용공고 수는 2022년 말 챗GPT 등장 이후 급격히 증가해 2024년에는 8월까지의 공고만 2000건이 넘었다. 그중 42.9%가 AI 응용 개발 직무로 가장 많이 나타났다.  기업 규모별 분석에서도 AI 응용 개발 직무 수요가 가장 비중이 높았다. 대기업과 중견기업은 '데이터 설계 및 구축', '데이터 분석', 'AI 전략 및 기획' 수요가, 중소기업은 'AI 유형별 특화 모델 개발' 수요가 상대적으로 높았다.  산업별로는 정보통신업 63.2%, 제조업 17.9%, 전문과학 및 기술 서비스업 8.3% 순으로 AI 분야 채용공고 비중이 컸다.   AI 인재에게 경력을 요구하는 비중도 2020년 54%에서 2024년 80.6%로 높아졌다. 채용 공고를 내는 대기업, 중견기업 비중도 2020년 8.6%에서 2024년 37.3%로 늘었다.  요구하는 기술 역량은 프로그래밍 언어인 '파이썬(Python)'이 1위를 차지해 AI 직무 전반에서 파이썬 중심의 개발 환경이 확립된 것으로 확인됐다. 딥러닝 도구인 파이토치(PyTorch), 텐서플로우(TensorFlow) 수요도 상위권에 들었다.   과기정통부는 이번 분석결과를 민간에 공개하고 직무와 학력 특성을 고려한 인력 양성 전략, 교육과정 다변화, AX(AI 전환) 융합인재 양성 확대 등 관련 정부 사업 추진과 예산 배분·조정에 활용할 예정이다.  박 본부장은 ""국가 과학기술 발전과 이를 주도할 우수 인재 확보가 곧 국가 경쟁력을 좌우할 핵심 과제""라며 ""국가전략기술 전 분야로 글로벌 핵심 연구자 데이터베이스(DB) 구축을 확대해 효과적으로 연구개발(R&D) 네트워크를 구축하고 협력 기반을 마련할 것""이라고 밝혔다.  이어 ""실제 현장으로부터 수집된 인재 데이터에 대한 정확한 분석을 바탕으로 국민 체감도 높은 과학기술 정책을 수립해 나갈 것""이라고 말했다.  

인공지능 분야 직무 분류 체계(안). 과기정통부 제공 
"
10,https://n.news.naver.com/mnews/article/421/0008574130,"원안위원장 ""핵추진 잠수함, 다른 기관서 안전 관리""","김민수 기자 (kxmxs4104@news1.kr),박소은 기자 (soso@news1.kr),임윤지 기자 (immune@news1.kr)",2025.10.30. 오후 2:06,"
[국감현장] ""군사용 원자로는 해외도 별도 기구가 관리""""고리2호기 수명연장, 과학적 근거 바탕으로 심의""

최원호 원자력안전위원장이 30일 서울 여의도 국회 과학기술정보방송통신위원회에서 열린 국정감사 종합감사에서 의원 질의에 답변하고 있다. 2025.10.30/뉴스1 ⓒ News1 신웅수 기자(서울=뉴스1) 김민수 박소은 임윤지 기자 = 최원호 원자력안전위원회(원안위) 위원장은 미국이 한국의 핵추진잠수함 건조를 승인한 것과 관련해 안전 관리는 원안위가 아닌 다른 기관이 맡게 될 것으로 내다봤다.최 위원장은 30일 국회 과학기술정보방송통신위원회(과방위) 국정감사에서 이준석 개혁신당 의원으로부터 ""원자력 추진 잠수함을 획득하게 되면 주요 군항 외에도 여러 곳에서 작전상 기항할 수밖에 없을 텐데, 이 부분을 누군가는 관리해야 하지 않겠느냐""는 질의를 받았다.이에 최 위원장은 ""군사용 목적으로 사용하는 원자로의 경우, 해외에서도 별도의 기구가 이를 관리하고 있다""고 답했다.이 의원이 ""우리도 군사용 원자력 관련 새로운 입법이 필요할 것 같다""고 하자, 최 위원장은 ""미국만 해도 원자력규제위원회(NRC)는 민간용만 규제·심사 하고, 군에서 사용하는 원자로는 군에서 별도로 관리한다""고 설명했다.이 의원은 이어 ""해외의 원자력 추진 선박, 예를 들어 미국 항모나 프랑스 항모가 국내에 기항할 때 원안위가 그들의 원자력 안전성에 대해 검토하거나 요구하는 게 있느냐""고 질의했다. 이에 최 위원장은 ""원안위에서 검토 중인 것은 없다""고 답했다. 이 의원이 ""그럼 국방부나 외교부가 담당하느냐""고 되묻자, 최 위원장은 ""그럴 것으로 알고 있다""고 밝혔다.현행 원자력안전법 제31조는 ""원자로를 설치한 외국 선박이 대한민국 항구에 입항하거나 출항할 경우, 미리 원안위에 신고하도록 규정하고 있다""고 명시하고 있다. 다만 군함은 예외로 한다.이 의원은 ""노르웨이 등은 냉전 시절 소련 핵잠수함 운항으로 인해 규제를 엄격히 했지만, 우리는 그렇지 않다""며 ""우리 국민은 원자력 안전에 민감하기 때문에 원안위라도 체계적인 대응 연구를 해야 한다""고 지적했다. 그는 ""현재 군사용 원자로에 대응할 조직이 없기 때문에, 원안위 차원에서 해외 사례나 기항 조건, 제한 조건 등을 문헌 연구라도 해야 한다""고 강조했다.이에 대해 최 위원장은 ""현재 해양 선박용 원자로를 원자력연구원이 개발 중이며, 민간 기업들도 다른 노형으로 개념 연구를 진행하고 있다""며 ""관계 당국과 논의해 보겠다""고 답변했다.운행이 중단된 고리 원자력발전소 2호기 계속 운전과 관련 질의도 나왔다. 신성범 국민의힘 의원이 고리 2호기 연장은 ""기술적인 관점에서 결론을 내야 한다""고 말하자 최 위원장은 ""원자력안전법령에 따른 기준과 과학적 근거를 바탕으로 심의하고 있고 다른 사항은 고려 사항이 아니다""고 말했다.
		"
11,https://n.news.naver.com/mnews/article/030/0003364874,[APEC 2025]젠슨 황·이재용·정의선 '빅3 회동'…더 깊어진 AI 협력 기대감,배옥진 withok@etnews.com,2025.10.30. 오후 2:03,"
			APEC 정상회의를 계기로 30일 방한한 젠슨 황 엔비디아 CEO가 이재용 삼성전자 회장, 정의선 현대자동차그룹 회장과 회동한다.이에 따라 젠슨 황 CEO가 28일(현지시간) 미국 현지 행사에서 예고한 '한국을 기쁘게 할 발표'에 관심이 고조되고 있다.

이재용 삼성전자 회장, 정의선 현대차그룹 회장이 8월 25일(현지시간) 미국 워싱턴DC 윌라드 호텔에서 열린 한미 비즈니스 라운드 테이블에서 젠슨 황 엔비디아 최고경영자와 인사하고 있다. (사진=연합뉴스)다소 이례적 형식의 만남이라는 점에서 그동안 물밑에서 진행된 AI 연산용 그래픽처리장치(GPU)와 고대역폭 메모리(HBM) 공급 협상 결과 등을 확인하는 자리가 될 전망이다.젠슨 황 CEO는 이날 오후 김포공항으로 입국해 코엑스로 이동해 이 회장, 정 회장과 만난다. 이후 코엑스에서 열리는 그래픽 카드 지포스 출시 25주년 기념 행사에 참석한다.이날 본격적 협력 확대를 앞두고 친목을 다지며 추가 협력을 모색하기 위한 대화가 이뤄질 것이라는 예상이다.엔비디아와 삼성전자간 협력 관계는 가시화됐다.삼성전자는 이날 개최한 3분기 실적발표 컨퍼런스콜에서 “고대역폭메모리(HBM)3E를 전 고객사 대상으로 양산 판매하고 있다”고 밝혀 핵심 고객사인 엔비디아의 품질(퀄) 테스트 통과를 사실상 공식화했다.또 “HBM4 샘플을 요청한 모든 고객사에 샘플을 출하했다”고 밝혀 차세대 HBM4 시장 초기부터 엔비디아 물량을 상당 부분 확보할 수 있다는 기대감도 드러냈다.이날 회동에서 5세대 HBM 제품 'HBM3E'의 구체적 공급 시점 등을 확정할 지 관심이다.현대차는 AI 자율주행과 소프트웨어 중심 차량(SDV) 고도화 전략과 관련, 협력을 논의할 것으로 알려졌다.엔비디아는 31일 삼성전자와 현대차그룹 뿐만 아니라 SK그룹, 네이버 등 국내 주요 기업들과 AI 반도체 공급 계약을 체결하고, 공식 발표할 예정이다.젠슨 황 CEO는 31일 폐막하는 경주 APEC CEO 서밋의 마지막을 장식하는 특별연설 강연자로 무대에 오른다. 폐막식 이후에는 국내 기업들과의 새로운 협력에 대해 구체적으로 설명하는 자리를 갖는다.경주=
"
12,https://n.news.naver.com/mnews/article/469/0000894729,"[단독] 발명보상금 수천만원 받은 '윤석열 R&D 카르텔' 교수 기술, 특허 등록은 거절",신혜정 기자 (arete@hankookilbo.com),2025.10.30. 오후 2:03,"
한양대, 김형숙 교수 기술 특허 승계받아이전 후 보상금 줬는데, 특허는 최종 거절한양대 측 ""불복심판 청구 검토하겠다""이전 기술 다시 김 교수 창업 회사가 보유교육부 감사, 과기정통부 점검 결과 주목

그래픽=신동준 기자한양대가 지난해와 올해 국정감사에서 윤석열 정부의 ‘연구개발(R&D) 카르텔’로 지목된 김형숙 데이터사이언스학과 교수에게 발명보상금 수천만 원을 지급했는데, 해당 기술의 특허 등록이 거절된 것으로 드러났다. 윤 정부 시절 R&D 예산 대규모 삭감에도 김 교수의 과제는 예산이 대폭 늘었지만, 최종 평가에서 ‘미흡(C)’ 등급을 받아 부실 비판이 나온 가운데, 한양대가 면밀한 검토 없이 과도한 보상을 한 것 아니냐는 지적이 나온다. 30일 국회 교육위원회 박성준 더불어민주당 의원실이 한양대로부터 받은 자료에 따르면, 한양대 산학협력단은 2023년 4월 김 교수에게 약 4,042만 원의 발명자 보상금을 지급했다. 이는 한양대가 승계한 김 교수의 △우울증 개선을 위한 디지털 치료제 제어 방법 △디지털 치료제 제공 방법 기술에 대해 같은 해 2월 ‘브이디피랩스’와 특허양도 계약을 맺고 받은 기술료 7,100만 원에 대한 보상이다. 두 기술은 김 교수가 과학기술정보통신부 산하 한국연구재단의 ‘포스트 코로나 시대 비대면 정서장애 예방 및 관리 기술 플랫폼 개발’ 과제로 개발했다.당시 한양대가 이전한 기술은 특허가 등록된 게 아닌 출원 상태였다. 출원 특허는 특허청에 특허 등록 심사를 요청한 상태라 등록 특허처럼 독점권이 발생하지 않는다. 출원 중인 특허를 기술이전하는 경우도 종종 있지만, 주로 기술의 우수성과 산업적 가치가 확인돼 선점하기 위해서라는 게 지식재산권 전문가들 설명이다.‘우울증 개선을 위한 디지털 치료제 제어 방법’은 특허청이 24일 최종 등록 거절 결정을 내렸다. 2022년 1월 출원 이후 한 차례 등록 거절된 뒤 법정 기간을 연장해 재차 심사를 받았지만, 결국 등록되지 못했다. 특허청은 ‘통상의 지식을 가진 사람이 쉽게 발명할수 있는 것’을 거절 사유로 제시했다. 특허 등록이 최종 거절된 기술은 재출원이 불가능하다. ‘디지털 치료제 제공 방법’은 한 차례 거절 후 재심사로 국내 특허가 등록됐지만, 해외에 출원한 건 최근까지도 등록이 되지 않았다.한양대 산학협력단은 “기술 구현 가능성과 산업적 유망성을 종합적으로 분석했다”며 “거절 통지가 반복된다는 사실이 독창성 결여를 의미하지 않으며, 필요하면 불복심판 청구 등을 검토할 것”이라고 밝혔다.연관기사• 윤 정부 'R&D 카르텔' 한양대 디지털 심리치료 연구 평가 보니… ""임상 실패, 결과물 없어""(www.hankookilbo.com/News/Read/A2025101311460002493)• 한양대 교원 3명 채용 절차 비위 의혹... 교육부, 본격 감사 착수(www.hankookilbo.com/News/Read/A2025061308240001886)김 교수가 연구재단에 제출한 2023년 연차보고서에는 ‘디지털치료기기 임상시험 주체로서 필요한 신규법인(한양대학교실험실창업)’으로 브이디피랩스를 창업했다는 내용이 담겨 있다. 최근 해당 과제에 대해 현장점검을 한 과기정통부에 따르면, 두 기술에 대한 기술실시권을 김 교수 창업 회사인 ‘몰리데이’가 보유하고 있다. 김 교수가 보상을 받고 자신의 연구와 관련된 회사에 이전했던 기술이 다시 그의 소유가 된 것으로 과기정통부는 파악하고 있다. 김 교수 연구단은 기술실시권을 가진 유일한 기업이라는 이유로 연구비 7억여 원을 몰리데이에 용역비로 집행하기도 했다. 한국일보는 김 교수의 입장을 듣기 위해 수차례 연락을 시도했지만 닿지 않았다. 교육부는 특혜 채용 의혹 등에 대해 한양대를 감사 중이다. 과기정통부도 R&D 현장점검을 바탕으로 연구비 환수 등을 검토하고 있다. 박 의원은 “김 교수는 임용 과정부터 채용 비리 의혹이 제기됐고, 임용 후에도 R&D 예산 편취 등 각종 부정 의혹이 이어지고 있다”며 “교육부는 감사 결과에 따라 엄중한 조치를 내려야 한다""고 말했다.
"
13,https://n.news.naver.com/mnews/article/001/0015712344,"한국, 양자컴퓨팅 핵심 인력 10위…통신·센싱 12위",조승한(shjo@yna.co.kr),2025.10.30. 오후 2:00,"
미래인재특위, '국가전략기술 글로벌 인력지도 분석안' 심의·의결챗GPT 이후 AI 인재 수요 폭증 '인재 산업수요 분석 결과'도 공개

양자컴퓨팅 분야 글로벌 상위 10개국 인력지도[과기정통부 제공. 재판매 및 DB 금지]    (서울=연합뉴스) 조승한 기자 = 한국이 핵심 연구자 보유 기준 양자컴퓨팅은 10위, 양자통신과 센싱은 12위권이라는 정부 분석이 나왔다.    중국과 미국이 전 세계 핵심 연구자 대부분을 차지한 가운데 한국도 양자 핵심 연구자 순유입국으로 나타났다.    과학기술정보통신부는 30일 제22회 미래인재특별위원회를 열어 이런 내용의 '국가전략기술 글로벌 인력지도 분석안'을 심의·의결했다고 밝혔다.    글로벌 인력지도는 관련 논문을 분석해 핵심 인재 분포와 연구 경향 변화를 파악하기 위해 처음 작성됐다.    분석 결과 양자 분야는 중국과 미국이 모든 중점 기술에서 가장 많은 연구자를 보유한 것으로 나타났다.    이들은 논문 피인용 수 상위 10%에 해당하는 핵심 연구자 과반을 차지했고, 상위 1%의 경우 더 비중이 높았다.    이들 상위 1% 연구자는 미국의 경우 구글, IBM 등 산업계에 많았으며 중국과 유럽 국가는 연구계에 다수 분포했다. 한국은 학계에 집중됐다.    국가별 유출입 분석에서도 최근 10년간 중국과 미국이 모든 양자 중점기술 분야 순유입국으로 나타났다.    한국도 양자컴퓨터 21명, 양자통신 10명, 양자센성 16명이 순유입된 것으로 나타났다. 주로 미국, 싱가포르, 중국 등으로부터 유입됐다.    또 한국은 과거보다 기관 내 협력은 감소했지만, 국내 기관 간 협력 및 국제협력은 증가했다.    과기정통부는 향후 전략기술 전 분야 인력지도 구축을 지속해 확대하고 지식재산처와 공동으로 인력지도 구축을 추진해 특허 발명자 분석 등 응용·개발 단계 연구자 현황 데이터도 보완하기로 했다.

인공지능 분야 인재 수요 분석 결과[과기정통부 제공. 재판매 및 DB 금지]    이날 미래인재특위는 인공지능(AI) 분야 직무 채용공고를 수집해 분석한 국가전략기술 인재 산업 수요 분석 결과안도 심의·의결했다.    이에 따르면 연도별 공고 수는 2017~2018년 연 500여 건 수준에서 2022년 말 챗GPT 등장 이후 급격히 늘어 2024년은 8월까지 공고만 2천건이 넘은 것으로 나타났다.    이 중 42.9%가 AI 응용 개발 직무였다.    대기업 및 중견기업은 데이터 설계 및 구축, 분석과 AI 전략 및 기획 수요가 많았고, 중소기업은 AI 유형별 특화 모델 개발 수요가 높았다.    AI 발전과 함께 경력을 요구하는 비중도 2020년 54%에서 2024년 80.6%로 높아졌고, 전 기간 파이선이 요구 기술 1위를 차지했다.    과기정통부는 분석 결과를 관련 정부 사업 추진과 예산 배분·조정에 활용하고 민간에서도 참고할 수 있게 공개하기로 했다.    박인규 과기정통부 과학기술혁신본부장은 ""정부는 앞으로도 국가전략기술 전 분야로 글로벌 핵심 연구자 DB 구축을 확대해 효과적으로 R&D 네트워크를 구축하고 협력 기반을 마련할 것""이라며 ""또 실제 현장으로부터 수집된 인재 데이터에 대한 정확한 분석을 바탕으로 국민 체감도 높은 과학기술 정책을 수립해 나갈 것""이라고 밝혔다.    shjo@yna.co.kr
"
14,https://n.news.naver.com/mnews/article/092/0002396149,"""AI가 살렸다"" 삼성전자, 반도체·모바일서 동반 성장 견인",전화평 기자(peace201@zdnet.co.kr),2025.10.30. 오후 1:57,"
HBM·2나노 공정이 반도체 실적 견인…폴더블 판매 호조에 수익성 회복삼성전자가 AI(인공지능) 수요 급증 효과를 톡톡히 누리며 3분기 실적 반등에 성공했다. 메모리·파운드리 등 반도체 부문이 일제히 회복세를 보였고, 모바일 사업도 플래그십 판매 호조로 견조한 실적을 유지했다.삼성전자는 30일 올해 3분기 확정 및 세부 실적을 공개했다. 영업이익은 12조2천억원으로 전년 동기 대비 32.48% 증가했다. 6분기 만에 두 자릿수 영업이익을 회복했다.매출은 전년과 비교해 8.8% 상승한 86조1천억원을 기록했다. 분기 기준 최대 매출 실적이다.

삼성전자 HBM3E D램.(사진=삼성전자)반도체 “AI 수요 폭발”…HBM·2나노가 실적 견인메모리 사업은 AI 데이터센터 확산에 따른 HBM3E·DDR5·서버 SSD 판매 확대 덕분에 분기 기준 역대 최대 매출을 올렸다. 특히 서버향 수요가 공급량을 크게 웃도는 상황에서 가격 상승이 이어지며 이익이 급증했다.파운드리(반도체 위탁생산)는 2nm(나노미터, 10억분의 1m) 공정 중심의 선단 공정 확대와 가동률 개선, 원가 절감 효과로 적자 폭이 크게 축소됐다.삼성전자는 “3분기 선단 공정 수주가 역대 최대를 기록했다”며 “4분기부터 2나노 1세대 양산이 본격화될 것”이라고 밝혔다. 또한 미국 텍사스 테일러 신규 팹을 2026년부터 본격 가동해 북미 AI 고객 수요에 대응할 계획이다.

갤럭시Z폴드7 블루 쉐도우 (사진=삼성전자)MX·가전, 프리미엄 제품으로 수익성 유지…스마트폰 6천100만대 출하모바일 사업을 담당하는 MX 부문은 폴더블폰 갤럭시 Z 폴드7과 플립7, 플래그십 S25 시리즈 판매 호조로 견조한 실적을 기록했다.3분기 스마트폰 출하량은 6천100만대, 태블릿은 700만대였다. 스마트폰 ASP(평균판매단가)는 304달러(약 43만2천원)로 직전 분기 대비 약 13% 상승했다.삼성전자는 4분기에도 플래그십과 에코시스템 제품 중심의 판매 확대를 통해 전년 대비 연간 매출 성장과 수익성 유지를 목표로 한다.회사는 ""메모리 등 부품 가격 상승이 예상돼 원가 부담이 가중될 것으로 전망된다""며 ""플래그십 중심 판매와 전사적 프로세스 효율화를 통해 수익성을 유지하겠다""고 설명했다.가전(VD) 부문은 QLED·OLED TV 등 프리미엄 제품 비중 확대와 마이크로 RGB 등 신제품 효과로 매출 성장세를 이어갔다.

삼성전자 평택사업장(사진=삼성전자)“AI 투자 지속, 2026년 탄력적 설비투자 확대”삼성전자 박순철 CFO는 “3분기 실적 반등으로 시장과 주주 기대에 일부 부응했다”며 “AI 중심 산업 성장세를 기회로 삼아 실적 개선을 이어가겠다”고 밝혔다.4분기에도 AI 반도체 수요가 강세를 유지할 것으로 보이며, 이에 따라 메모리·시스템 반도체 투자를 전략적으로 확대할 계획이다.연간 설비투자액은 47조4천억원 규모로 집계된다. 부문별로는 DS부문(반도체)이 40조9천억원, SDC(삼성디스플레이)가 3조3천억원 수준이다.2026년에는 AI 수요 확대에 맞춰 투자 규모를 탄력적으로 확대할 방침이다.삼성전자는 “AI 중심 산업 구조 변화가 실적 개선의 핵심 동력”이라며 “AI 반도체·모바일·가전 등 전 사업군에서 시너지를 극대화하겠다”고 밝혔다.
"
15,https://n.news.naver.com/mnews/article/015/0005204461,"삼성전자, 폴더블폰 '자신감' 통했다…""판매 두자릿수 증가"" 호실적",김대영 한경닷컴 기자 kdy@hankyung.com,2025.10.30. 오후 1:51,"
삼성전자, 갤럭시Z폴드7 흥행MX 부문 3분기 매출 33.5조원갤럭시 워치·TWS도 성장 전망

지난 8월 운영됐던 서울 코엑스 '더 갤럭시 언폴더스' 실내 체험존에서 방문객들이 갤럭시Z폴드·플립7 시리즈 제품을 살펴보고 있다. 사진=삼성전자 제공""갤럭시Z폴드·플립7의 초기 판매 결과도 목표한 기대치에 부합했습니다. 전년 대비 두 자릿수 성장을 목표로 남은 하반기에도 강력한 판매 모멘텀을 이어나갈 것입니다.""다니엘 아라우호 삼성전자 모바일경험(MX)사업부 상무는 3개월 전인 지난 7월31일 2분기 실적발표 콘퍼런스콜을 통해 Z폴드·플립7 시리즈 출시 효과를 자신했다. 아라우호 상무의 예상은 적중했다. 삼성전자는 갤럭시Z폴드7 흥행에 힘입어 올 3분기에만 33조원 넘는 매출을 올렸다. 1년 전보다 10% 이상 매출이 늘면서 영업이익도 3조원대를 유지한 것으로 나타났다. 아라우호 상무는 30일 자사 3분기 실적발표 콘퍼런스콜에서 ""3분기 스마트폰 시장은 주요국 간 관세 협상 진전, 금리 인하 전망 등 불확실성 일부 해소로 글로벌 스마트폰 수요가 직전 분기 대비 반등했다""고 설명했다. 아라우호 상무는 ""(삼성전자는) 플래그십 신모델 출시 효과로 매출과 영업이익이 직전 분기 대비 증가했는데 특히 Z폴드7 판매 호조로 폴더블 수량과 금액 모두 전년 대비 두 자릿수 늘었다""고 말했다.MX 부문 3분기 매출은 33조5000억원으로 지난해 같은 기간보다 12%, 직전 분기보다 18% 늘었다. 영업이익은 MX·네트워크 부문 합산 3조6000억원으로 나타났다. 1년 전과 비교해 0.7% 증가한 것이다. 이 기간 스마트폰 출하량은 6100만대, 태블릿 PC는 700만대로 집계됐다. 스마트폰 평균판매단가(ASP)는 304달러를 나타냈다. 올 초 출시한 갤럭시S25 시리즈도 견조한 판매가 이어져 실적을 뒷받침했다. 아라우호 상무는 ""스마트폰 플래그십 매출 비중이 확대됐고, 태블릿과 웨어러블도 판매 호조를 보였다""고 했다. 올 4분기엔 프리미엄 제품을 중심으로 경쟁이 심화될 것으로 내다봤다. 스마트폰·태블릿 출하량과 ASP도 감소한다는 전망이다. 이에 연말 성수기 프로모션을 통해 S25 시리즈와 폴더블 제품 등 AI 스마트폰 판매를 확대한다. 내년 초 출시 예정인 갤럭시S26 시리즈에 대해선 ""사용자 중심의 차세대 AI 경험과 2세대 커스텀 AP, 새로운 카메라 센서 등 다양한 퍼포먼스를 통해 사용경험을 혁신하고 폴더블은 폼팩터 혁신을 지속해 제품 라인업 보강 및 새로운 경험을 제공하면서 고객층을 확대할 계획""이라고 했다. 갤럭시 워치, 완전무선이어폰(TWS) 제품도 헬스 분야 관심이 높아진 데다 AI 기능이 확대된 영향으로 성장세가 이어질 것으로 예상된다. 아라우호 상무는 ""워치는 헬스 AI 경험을 지속 강화할 것이고 TWS는 라인업을 확장해 신규 수요를 창출할 것""이라고 말했다. 
"
16,https://n.news.naver.com/mnews/article/016/0002550075,“자외선·가시광선 번갈아 쬐였더니” 세포 자살 유도…‘피부암’ 치료 새 전기,구본혁 nbgkoo@heraldcorp.com,2025.10.30. 오후 1:50,"
- UNIST 유자형 교수팀, 빛 파장에 따라 조립·분해 반복하는 분자로 세포 사멸

유자형(왼쪽부터) UNIST 교수, 김상필·김도현 박사.[UNIST 제공][헤럴드경제=구본혁 기자] 자외선과 가시광선을 번갈아 가며 쬐어 세포를 죽이는 기술이 나왔다. 빛 파장에 따라 결합력이 달라지는 분자를 이용한 기술이다. 피부암과 같은 표재성 암 치료 원천 기술이나 생명 과학 연구를 위한 분자 도구로 활용될 수 있을 전망이다.UNIST(울산과학기술원) 화학과 유자형 교수팀은 빛의 파장에 따라 조립과 분해를 반복할 수 있는 광 스위치 분자인 ‘Mito-AZB’ 분자를 개발했다고 30일 밝혔다.이 분자는 세포의 미토콘드리아에 축적돼 미토콘드리아 막에 반복적인 압력 스트레스를 줌으로써 세포 자살(apoptosis)을 유도할 수 있다. 가시광선(450nm파장)을 받으면 분자끼리 조립돼 단단한 섬유구조를 만들었다가 자외선(350nm파장)을 받으면 이 섬유구조가 분해되는 분자 특성 덕분이다. 이 섬유구조 유무에 따라 미토콘드리아 막 표면은 마치 ‘쥐었다 폈다’를 반복하는 듯한 물리적 스트레스로 손상되는데, 손상된 막 사이로 미토콘드리아 안에 들어있던 세포자살 유도 물질들이 세포질내로 흘러나와 세포가 죽게 된다.실험 결과, 이 분자를 세포에 주입한 뒤 자외선과 가시광선을 번갈아 쬐자 세포 미토콘드리아 막 전위가 붕괴되고, 활성산소와 세포 사멸 신호 단백질과 같은 자살 유도 물질이 세포 내에서 급격히 증가해 있었다. 또 형광 현미경으로 봤을 때, 분자가 세포 미토콘드리아 주변에 축적된 것이 확인됐다.연구팀은 세 가지 성분을 조합해 이러한 분자를 개발했다. 세포 안에서 미토콘드리아를 찾아가는 ‘길잡이’ 성분, 빛에 따라 구조가 변해 결합력을 바꾸는 아조벤젠 성분, 그리고 형광 염료다. 형광 염료는 형광 현미경으로 분자의 이동과 조립 과정을 관찰하기 위해 집어넣은 물질이다.

빛 파장에 따라 조립과 분해를 반복하는 광 스위칭 분자의 작동 원리.[UNIST 제공]개발된 분자의 길잡이 성분을 다른 물질로 교체하면 또 다른 세포 내 소기관을목표로 삼을 수도 있다. 연구팀은 분자의 길잡이 성분을 리소좀을 겨냥하는 ‘모폴린’이나 소포체를 겨냥하는 ‘토실기’로 교체해 각각 리소좀과 소포체 막을 선택적으로 파괴하는 데 성공했다. 리소좀은 세포 내 노폐물을 처리 담당하는 소기관이고, 소포체는 단백질 합성과 이동이 이뤄지는 세포 소기관이다.유자형 교수는 “빛이라는 외부 자극으로 세포 안에서 분자들의 조립 상태를 인위적으로 바꾸고, 그에 따른 세포의 반응까지 조절할 수 있음을 보여준 연구”라며 “빛을 직접 비출 수 있는 피부암 등 표재형 암 치료는 물론, 세포 소기관의 기능을 잠시 멈추거나 활성화하는 방식으로 세포 소기관의 기능을 규명하는 기초 연구의 분자 도구로 쓸 수 있을 것”이라고 설명했다.한국연구재단 지원으로 수행된 이번 연구 결과는 국제학술지 ‘나노 레터스(Nano letters)’에 지난 10월 8일 출판됐다.
"
17,https://n.news.naver.com/mnews/article/366/0001118701,"LG디스플레이, 3분기 영업익 4310억원… OLED 출하량 확대에 흑자 전환",전병수 기자 outstanding@chosunbiz.com,2025.10.30. 오후 1:50,"
“4년만에 연간 영업이익 흑자 전환 전망”

LG디스플레이 파주 사업장 전경./LG디스플레이 제공        LG디스플레이가 유기발광다이오드(OLED) 출하량 확대에 힘입어 3분기 흑자전환에 성공했다. 애플 등 주력 고객사의 신제품 출시 효과에 수익성이 높은 모바일 OLED 패널 공급량이 큰 폭으로 늘어난 영향이다. 모바일과 태블릿 등 OLED 출하량이 증가하고 있는 가운데, 구조조정 등 원가절감 효과가 더해지면서 4년 만에 연간 영업이익 흑자 전환이 전망된다.30일 G디스플레이의 3분기 매출액 6조9570억원, 영업이익 4310억원을 기록했다고 공시했다. LG디스플레이 관계자는 “매출은 전 제품군에서 OLED패널 출하가 확대되며 전분기 대비 25% 증가했다”며 “전체 매출 내 OLED 제품 비중은 계절적 성수기에 더해 중소형 OLED 패널의 신제품 출시 효과로 역대 최고 수준인 65%를 기록했다”고 설명했다. 제품별 판매 비중(매출 기준)은 TV용 패널 16%, IT용 패널(모니터, 노트북 PC, 태블릿 등) 37%, 모바일용 패널 및 기타 제품 39%, 차량용 패널 8%이다.OLED 출하량 증가와 원가 절감에 따른 수익성 개선 등으로 올해 4년 만에 연간 흑자 전환을 달성할 것이란 전망이 나온다. LG디스플레이 관계자는 “3분기까지 누적 매출 18조6092억원, 누적 영업이익 3485억원을 기록했다. 이로써 4년만에 연간 흑자 전환이 확실시된다”며 “누적 매출은 전년 동기 대비 액정표시장치(LCD) TV 사업 종료로 인해 1% 감소했음에도 누적 영업실적은 약 1조원 개선하며 OLED 중심의 사업 체질 개선이 성과로 가시화 되는 셈”이라고 했다.LG디스플레이는 2022년부터 2024년까지 3년 연속 영업 적자를 기록한 바 있다. 매출의 상당 부분을 차지했던 TV와 IT(노트북·모니터)용 대형 OLED, LCD에 대한 수요가 급감한 영향이다. 중국의 저가 공세에 LCD 패널 가격이 급락하자 해당 사업에서 철수를 발표했으나, 구조조정을 진행하며 적자가 누적됐다. LG디스플레이는 3분기 실적 컨퍼런스 콜을 통해 “지난해도 2023년 대비 연간 약 2조원 규모 적자 폭 축소했다. 올해도 4분기 남아있지만, 지난해와 비교할 때 1조원 수준을 상회하는 큰 폭의 수익성 개선을 달성하리라 전망된다”며 “내년에도 올해 대비 개선된 사업 성과 낼 것”이라고 설명했다.LG디스플레이는 OLED 등 프리미엄 제품 매출 비중을 확대하고 효율적 운영 체계를 통해 수익성 강화에 집중할 계획이라고 설명했다. 김성현 LG디스플레이 최고재무책임자(CFO)는 “지난 몇 년간 대외 환경의 불확실성과 변동성이 이어졌음에도 전략 과제의 실행력을 높이고, 선택과 집중을 통한 사업 운영을 통해 매년 사업 성과를 확대해 왔다”며 “올해 연간 기준의 수익성 턴어라운드는 가시화됐으며, 강화된 사업 체질과 운영 역량을 바탕으로 앞으로도 수익 구조를 한층 강화하고 지속적으로 사업 성과를 확대해 나가도록 노력할 것”이라고 밝혔다.
"
18,https://n.news.naver.com/mnews/article/421/0008574071,"의료대란 재현? 국립대병원 이관 반발…정부, 설득 안간힘",강승지 기자 (ksj@news1.kr),2025.10.30. 오후 1:47,"
소관부처 교육부→보건복지부 이관 추진에 교수들 반발교육·연구위축 이유 거론…정부 구체적 지원안 마련 중

서울 시내 한 대학병원에 의료진이 이동하고 있다. /뉴스1 ⓒ News1 김진환 기자(서울=뉴스1) 강승지 기자 = 지역·필수·공공의료를 살리자는 취지 아래에 국립대병원 소관 부처를 교육부에서 보건복지부로 이관하는 방안이 본격화하자 병원장·교수 등이 반발하고 나섰다. ""교육과 연구가 위축될 수 있다"", ""(또 다른) 의료대란이 우려된다""는 얘기가 나오는데, 정부는 병원을 일일이 방문해 향후 지원책을 소개한다는 방침이다.국립대병원 교수진 상당수 '반대'…""교육과 연구 이바지할 것""복지부와 교육부는 지난 27일부터 대전 충남대병원을 시작으로 오는 11월 12일까지 서울대병원을 제외한 전국 9개 지역 국립대병원을 차례로 방문한다. 국정과제이기도 한 '국립대병원 거점병원 육성과 소관 부처 이관'에 대한 구체적인 로드맵을 소개하는 한편 이관을 둘러싼 우려에 이형훈 복지부 2차관이 직접 현장에서 상세한 설명을 이어가고 있다.정부는 국립대병원을 지역 거점병원으로 육성해 이들을 중심으로 지역 의료체계에 힘을 싣겠다는 구상이다. 그런데 병원 구성원들이 난색을 보이면서 당초 목표대로 연내 이전이 녹록지 않은 실정이다. 국회 교육위원회 소속 서지영 국민의힘 의원이 교육부에 받은 자료에 따르면 10개 국립대병원 교수진 72.8%가 이관에 반대했다. 특히 서울대병원 교수진 반대율은 94.7%에 달했다.이와 관련해, 국립대병원협회장을 맡고 있는 김영태 서울대병원장은 28일 국회 교육위 국정감사에서 ""의정 사태가 마무리된 지 얼마 되지 않은 상태에서 이관을 서두르는 게 우려스럽다. 의료 대란이, 환자 치료 문제가 가장 큰 걱정""이라며 ""선 이관 후 지원이라는 점에서 교수들은 현재 혼란스러운 상황에서 추진되는 데 우려를 표하고 있다. 다른 병원장들 생각도 비슷하다""고 말했다.그 이유를 묻는 서 의원에 김 병원장은 ""교수들은 교육자로서 정체성을 문제 삼는다""면서 교육위 소관으로 남는 게 대학병원으로서 교육의 주목적에 부합한다고 설명했다. 지역 필수의료 위기에 병원과 교수진도 공감하나, 교육과 연구로 이바지해야 한다는 입장이라며 ""이관에 대한 유인(모티브)이 없는 게 사실""이라고 털어놨다.복지부 ""정책지원, 규제개선 등 방안 마련 중…자율성 보장""이에 대해 정부는 이관을 단순한 소속 변경이 아닌, 종합적인 육성책과 연계한다는 계획이다. 복지부 관계자는 30일 뉴스1에 ""지난 2023년 11월부터 혁신협의체 등을 통해 국립대병원이 요청한 지원방안 상당 부분을 추진하고 있으며, 이달 들어 지역·필수·공공의료 강화 협의체를 구성해 이관 후 추진 가능한 정책지원, 규제개선 등 구체적인 방안을 마련 중""이라고 전했다.

국립대병원 요청 지원방안 추진 여부 ⓒ News1 김지영 디자이너

국립대병원 지원 내역 ⓒ News1 김초희 디자이너전임교원을 1000명 확대하면서 내년까지 812억 원을 투입해 AI(인공지능) 진료시스템 도입, 필수과 당직비 지원 등 치료시설·장비를 지원하고 3년간 500억 원 규모의 지역 국립대병원 특화 R&D 사업을 운영한다. 내년 1월 기타 공공기관에서 지정 해제해 병원의 자율성을 보장하고, 지역·필수·공공의료 전담 실단위 조직을 통해 병원 육성과 규제개선 등에 주력한다.복지부는 올해 △전공의 수련환경 혁신지원 사업(1175억 원) △R&D 예산(1047억 원) △권역 책임의료기관 시설·장비 지원(812억 원) 등 총 3448억 원의 재정을 투입해 국립대병원을 지원하고 있다. 복지부 관계자는 또 ""정부와 병원 간 노력이 현장 구성원들에게까지 전달될 수 있도록, 현장 소통을 강화하겠다""고 강조했다.
		"
19,https://n.news.naver.com/mnews/article/648/0000041248,"삼성SDS, '클라우드' 선방에도…3분기 영업익 8.1%↓",왕보경 (king@bizwatch.co.kr),2025.10.30. 오후 1:42,"
매출 3조3913억·영업이익 2323억글로벌 물류 둔화·투자 위축 여파

삼성SDS의 올해 3분기 매출과 영업이익이 전년 동기 대비 하락했다./그래픽=비즈워치삼성SDS의 올해 3분기 매출과 영업이익이 전년 동기 대비 하락했다. 클라우드 사업의 선방에도 불구하고 글로벌 물류시장 둔화와 기업 투자 위축으로 물류 부문의 실적이 부진했기 때문이다. 삼성SDS는 3분기 연결기준 매출액 3조3913억원, 영업이익 2323억으로 잠정 집계됐다고 30일 밝혔다. 전년 동기 대비 매출액은 5%, 영업이익은 8.1% 각각 감소했다.IT서비스 부문 매출액은 전년 동기 대비 2.1% 감소한 1조5957억원을 기록했다. 클라우드 사업 매출액은 선방했다. 클라우드 매출은 전년 동기 대비 5.9% 증가한 6746억원을 달성했다.특히 클라우드 서비스 공급자(CSP) 사업은 △공공 서비스를 위한 삼성 클라우드 플랫폼(SCP) 사용 증가 △제조 업종 클라우드 서비스 확대 등으로 매출액이 전년 동기 대비 18% 증가했다.클라우드 운영·관리서비스(MSP) 사업은 금융 업종 클라우드 전환·구축·운영 사업, 공공 업종 생성형 AI 구축 서비스 등을 통해 전년과 유사한 수준을 기록했다.물류 부문 매출액은 1조7956억원으로 해상 운임 하락과 미국 관세 정책에 따른 물동량 감소로 전년 동기 대비 7.4% 줄었다. 디지털 물류 플랫폼 첼로스퀘어의 가입사는 전년 동기 대비 31% 증가한 2만3451개사를 기록했다.삼성SDS는 관세 정책과 기업들의 투자 감소로 불확실한 경제 상황이 지속되는 상황에서 클라우드 및 생성형 인공지능(AI) 서비스, 첼로스퀘어 등을 중심으로 사업을 확장한다는 계획이다. 공공 사업에서는 삼성SDS가 진행하고 있는 프로젝트들의 후속 구축 사업에 집중하고, 대구 민관협력형 클라우드센터를 기반으로 한 지능형 플랫폼 확산, 초거대 AI를 활용한 기관별 AI 서비스 고도화를 통해 사업을 확대할 계획이다. 물류 사업에서는 안정적인 성장이 예상되는 항공 물류와 창고 운영 사업을 강화할 방침이다.
"
20,https://n.news.naver.com/mnews/article/366/0001118695,"LG이노텍, 3분기 영업이익 2037억원… 애플 효과에 전년比 56% 증가",전병수 기자 outstanding@chosunbiz.com,2025.10.30. 오후 1:38,"


LG이노텍 사이언스파크 본사 전경. /LG이노텍 제공        LG이노텍이 애플 아이폰 신제품 출시 효과에 카메라모듈 공급량이 증가해 3분기 지난해 같은 기간과 비교해 영업이익이 큰 폭으로 늘었다. 아이폰 신제품에 탑재되는 카메라모듈 사양이 높아지면서 제품단가가 올라 수익성이 개선된 것으로 분석된다. 제품 제조난도도 올라가면서 중국 기업과의 점유율 경쟁에서도 크게 앞선 것으로 전해진다.30일 LG이노텍은 3분기 매출 5조3694억원, 영업이익은 2037억원을 기록했다고 공시했다. 전년 동기 대비 매출은 5.6% 감소, 영업이익은 전년 대비 56.2% 증가했다. 당초 증권업계에서 전망했던 영업이익 전망치(1776억원)를 약 15% 상회했다.LG이노텍 관계자는 “우호적 환율에 더해 광학, 전장 등 사업부별 수익성 제고 활동 성과가 가시화되며 전년 동기 대비 영업이익이 크게 늘었다”며 “4분기는 모바일 신모델 공급 성수기로, 카메라 모듈을 비롯해 통신용 반도체 기판의 매출 성장세가 지속될 것으로 예상된다”고 했다.사업부별로 카메라모듈 사업을 담당하는 광학솔루션사업은 전년 동기 대비 7.4% 감소한 4조4812억원의 매출을 기록했다. 전분기 대비는 46.8% 늘었다. 모바일 신모델 양산에 본격 돌입하며 모바일용 고부가 카메라 모듈 공급이 점진적으로 증가했다.기판소재사업은 전년 동기 대비 18.2% 증가한 4377억원의 매출을 기록했다. 전분기 대비 5.2% 증가한 수치다. 모바일 신모델 양산 본격화로 반도체 기판의 공급이 확대되며 매출이 늘었다.전장부품사업은 전년 동기 대비 5.7%, 전분기 대비 3.3% 감소한 4506억원의 매출을 기록했다. 전방 산업의 수요 약세로 매출이 소폭 줄었으나, 고부가 제품인 차량 조명 모듈의 매출 성장세는 이어지고 있다. LG이노텍은 수주잔고 역시 5년 연속 우상향하고 있다고 설명했다. 3분기 기준 수주잔고는 17조8000억원으로 집계됐다. 전장부품사업은 차량 통신∙조명 등 고부가 부품의 매출 비중 확대와 함께, 글로벌 생산 체계 최적화, 공정 혁신 등 원가 경쟁력 제고 활동으로 수익성 개선을 가속화한다는 방침이다.박지환 LG이노텍 최고재무책임자(CFO)는 “베트남, 멕시코 신공장 증설을 바탕으로 전략적 글로벌 생산지 운영을 가속화하는 한편, AX(AI 전환) 도입 확대, 핵심 부품 내재화 등을 통해 원가 경쟁력을 빠르게 높여 나갈 것”이라고 했다.
"
21,https://n.news.naver.com/mnews/article/092/0002396146,"LG엔솔 ""내년 美 전기차 역성장 염두""…ESS 라인 추가 전환 예고",김윤희 기자(kyh@zdnet.co.kr),2025.10.30. 오후 1:37,"
2027년 이후 전기차 수요 회복 전망…46시리즈 4분기 본격 양산LG에너지솔루션이 3분기 연속 영업이익이 증가하는 등 실적 개선을 이룬 반면, 내년 전기차 사업 환경은 녹록지 않을 것으로 전망했다. 특히 이달부터 미국 전기차 구매 세액공제가 폐지되면서, 내년 미국 시장은 역성장 가능성도 고려하고 있다.이에 당분간 성장세가 꾸준한 에너지저장장치(ESS) 배터리 생산능력(CAPA)을 극대화해 시장 충격을 상쇄할 계획이다. 최근 가동을 시작한 스텔란티스 캐나다 합작 공장과 더불어 폴란드 공장 라인 전환 대상으로 언급했다.LG에너지솔루션은 30일 3분기 실적발표 컨퍼런스콜에서 사업 계획을 이같이 공유했다.LG에너지솔루션은 올해 3분기 매출 5조 6천999억원, 영업이익 6천13억원을 기록했다. 전년 동기 대비 매출은 17.1% 감소하고 영업이익은 34.1% 증가했다. 미국 인플레이션감축법(IRA) 세액공제는 3천655억원으로, 이를 제외하고도 영업이익 흑자 2천358억원을 달성했다.

LG에너지솔루션 북미 생산시설 지도4분기는 미국 전기차 구매 세액공제 폐지 여파가 본격화되면서 전기차 배터리 출하량 감소가 불가피하다는 관측이다.반면 ESS 수요는 견조하게 성장 중이고, 원통형 배터리가 탑재되는 신규 전기차 판매가 원활해 매출 성장세는 지속될 것으로 전망했다. 4분기부터는 오창 공장에서 46시리즈(지름 46mm 원통형 배터리)가 본격 양산돼 매출이 반영되기 시작할 것으로 내다봤다.단 고수익 전기차 배터리 판매가 줄어들고, 지난달 조지아 공장 대규모 구금 사태에 따른 일시적 운영 차질을 겪고 있어 이익이 일부 감소할 것으로 내다봤다.내년에는 미국 전기차 시장의 역성장 가능성도 염두하고 있다.이창실 LG에너지솔루션 최고재무책임자(CFO)는 “일부 시장 기관 전망치와 더불어 최근 주요 북미 고객사들이 배터리 탑재량이 적은 플러그인하이브리드차(PHEV) 등 판매에 집중한다고 밝힌 점 등을 종합한 전망”이라며 “이런 영향을 받을 수밖에 없겠지만, 내년 가동되는 혼다 JV, 현대차 JV 등에서 신차 물량 공급이 예정돼 있는 만큼 수요 둔화 상황을 극복해나갈 계획”이라고 언급했다.전기차 시장 수요는 오는 2027년 경쟁력을 갖춘 중저가 전기차들이 출시됨에 따라 점차 회복될 것으로 전망했다.

LG에너지솔루션 46시리즈 제품핵심 수요처인 배터리 시장이 둔화됨에 따라 신·증설은 최대한 지양한다는 기존 사업 계획을 유지한다.이창실 CFO는 ""이미 글로벌 CAPA가 충분하다""며 ""신규 CAPA는 고객과 시장 상황을 더욱 면밀히 점검해 상업생산(SOP) 시점을 조정하고, 유휴 라인과 고정비 부담을 최소화해 가동률 향상에 집중하고자 한다""고 밝혔다.이에 따라 혼다와 합작한 오하이오주 파예트카운티 공장, 현대차와 조지아주 합작 공장 등 기존 연내 SOP 예정이던 신규 JV의 가동 속도를 조절하고, 일부 가용 가능한 라인은 ESS 전용으로 양산을 꾀할 계획이다.유럽 공장 운영 계획에 대해 이 CFO는 ""연내 폴란드에서 전기차 LFP 배터리를 계획대로 양산할 것""이라며 ""일부 라인은 ESS 전환도 계획하고 있다""고 했다.

폴란드 브로츠와프에 위치한 LG에너지솔루션 전기차배터리 공장.LG에너지솔루션은 지난달 조지아주 공장 대규모 구금 사태 이후, 한미 간 출장 비자 관련 협의가 이뤄짐에 따라 필수 인력 중심으로 미국 출장을 재개한 상황이다. 공장 건설 업무 관련 비자 논의가 원활히 추진됨에 따라 내년 공장 준공 작업에는 영향이 없을 것이라고 전망했다.각형 배터리, 리튬망간리치(LMR) 배터리 등 제품 개발 상황도 공유했다.노인학 LG에너지솔루션 소형전지기획관리담당은 ""다수 전략 고객과 협력해 제품을 개발하고 있으며 오창 공장에 파일럿 라인을 설치하고 개발 완성도를 점차 높여가고 있다""며 ""LFP 각형 배터리는 특성상 ESS향으로 우선 대응하고, LMR은 전기차 시장에 맞춰 개발하고 있으며 두 제품 모두 2027년 말~2028년 중 고객이 원하는 시점에 맞춰 양산할 예정""이라고 말했다.
"
22,https://n.news.naver.com/mnews/article/366/0001118693,우리법연구회 출신 판사를 소방수로... 신임 SK텔레콤 CEO에 관심,안상희 기자 hug@chosunbiz.com,2025.10.30. 오후 1:37,"
‘AI 컴퍼니’ 전환서 대관으로 중심 이동“경영 경험 부족 법조인 임명, 산업·기술 정체”

SK텔레콤 신임 최고경영자(CEO)에 선임된 정재헌 대외협력 사장./SK텔레콤 “공대 출신 천재급을 모셔다 앉혀야 할 타이밍에 법쟁이 대표이사라니.”SK그룹은 30일 SK텔레콤의 신임 최고경영자(CEO)로 정재헌 대외협력 사장을 선임한다고 발표했다. SK텔레콤 사상 첫 법조인 출신 CEO다. 유영상 SK텔레콤 사장은 SK그룹 AI 관련 업무를 총괄하는 수펙스추구협의회 AI 위원장으로 자리를 옮겼다.SK텔레콤 주주들이 모인 종목 게시판과 네티즌들은 “판사 출신 경영 초보 CEO 선출” “과징금 받고 소송 관련해 방어하려는 것인가”라는 반응을 보이고 있다. SK텔레콤이 해킹 사고로 올 3분기 영업이익이 전년대비 91%나 줄고, 이동통신 시장 점유율 40%가 깨진 시점에 인공지능(AI) 컴퍼니가 아닌 대관 회사로 전락하는 게 아닌가라는 우려의 목소리가 나온다.정 신임 CEO는 과거 진보 성향 법관 모임인 ‘우리법연구회’ 출신으로 대표적인 ‘김명수(전 대법원장) 라인’으로 알려졌다. 그는 사법연수원 29기로 법원행정처 정책심의관, 전산정보관리국장을 지냈다. 서울중앙지방법원 부장판사로 재직했던 당시 ‘최순실 태블릿PC’ 형사 사건의 항소심 재판을 맡았다. 정 CEO는 김명수 전 대법원장의 국회 인사청문회 준비팀장을 맡았고, 김 전 대법원장이 추진한 이른바 ‘판사 블랙리스트’ 의혹 조사단 조사위원으로 참여했다.SK그룹에서는 퇴진한 박정호 전 SK하이닉스 부회장과 인연이 있다. 정 CEO는 박 전 부회장이 SK텔레콤 사장으로 활동했던 2020년 4월 SK텔레콤 법무2그룹장(부사장)으로 영입됐다. 박 전 부회장과 정 CEO는 마산고 선·후배 사이다. 정 CEO는 2021년 SK스퀘어 설립 당시 투자지원센터장을 담당했고, 2024년부터는 SK텔레콤 대외협력 사장으로 활동하는 동시에 SK그룹 수펙스추구협의회 거버넌스 위원장을 맡았다.SK텔레콤 측은 정 CEO에 대해 AI 기술의 신뢰성과 안전성을 확보하기 위해 AI 추구 가치와 행동 규범을 구체화한 ‘AI 거버넌스’를 정착시켰다고 설명했다. 또 사이버 침해 사고 관련 고객 신뢰 회복과 정보보호 시스템 강화를 주도할 적임자로 평가받았다고 밝혔다. 특히 정 CEO가 SK스퀘어 투자지원센터장으로 전략·법무·재무를, SK텔레콤 대외협력사장으로 대관(CR), 홍보(PR), ESG(환경·사회·지배구조) 기능을 총괄해 왔다고 설명했다.하지만 정 사장이 SK텔레콤 경영·사업에 깊게 간여한 이력은 없다. SK텔레콤 측은 이 같은 반응을 예상한 듯 회사를 통신 CIC(사내 회사)와 AI CIC 체계로 개편하고 정 CEO 밑에 통신 CIC(사내 회사)장으로 한명진 SK스퀘어 대표이사를 앉혔다. AI CIC장에 대해서는 회사 측이 추후 선임할 예정이라는 입장이다.SK텔레콤 안팎의 반응도 싸늘하다. “정 사장은 대외 업무를 위주로 하고 실질적인 업무는 CIC장이 하는 것이냐” 등의 반응이 나오고 있다. 한 통신업계 관계자는 “SK텔레콤이 AI 회사로 전환하겠다고 강조하더니 갑자기 대외 협력 거버넌스와 규제에 초점을 맞추는 느낌”이라며 “통신업계가 새로운 먹거리를 통해 수익성을 보여줘야 하는 변곡점에서 이번 인사는 정말 의외”라고 말했다. 또다른 통신업계 관계자는 “SK텔레콤이 해킹 사고로 개인정보보호위원회에서 과징금 1348억원을 부과받더니 결국 대관에 힘쓰기로 한 것이냐”라고 반문했다.우려의 목소리가 나오는 것은 그만큼 지금이 통신 산업은 물론 SK텔레콤에 중요한 시기이기 때문이다. SK텔레콤은 지난 4월 가입자 2700만명의 유심 정보가 유출되면서 이동통신 시장 점유율이 40% 아래로 추락한 것은 물론이고 올 3분기에는 배당도 실시하지 않겠다고 했다.이경전 경희대 경영대 교수(한국AI서비스학회 회장)는 “SK텔레콤이 AI 회사로 탈바꿈한다면서 수장에 경영 경험이 부족한 법조인을 앉혔다는 것은 통신 산업과 기술이 정체된 점을 반영한다”며 “AI 회사로 나아가려 했다면 기술적 이해도가 높은 리더를 통해 민첩한 의사 결정이 가능하게 했어야 한다”고 말했다.김준익 건국대 경영학과 교수는 “이번 인사는 기술 비전보다는 규제 대응과 리스크 관리에 무게를 둔 결정으로 보인다”며 “혁신이 불확실성을 수용하는 과정이라면, 규제 중심 리더십은 그 역동성을 제약할 위험이 있다”고 말했다.
"
23,https://n.news.naver.com/mnews/article/092/0002396145,"삼성 파운드리 ""2나노 공정 본격화...적자 폭 대폭 축소""",전화평 기자(peace201@zdnet.co.kr),2025.10.30. 오후 1:36,"
3분기 역대 최대 수주 달성…4분기 2나노 1세대 양산 돌입삼성전자가 2nm(나노미터, 10억분의 1m) 공정을 앞세워 파운드리(반도체 위탁생산) 실적 반등에 성공했다. AI·HPC 수요 급증으로 선단 공정 수주가 늘면서 3분기 파운드리 매출이 역대 최대를 기록했고, 상반기 이어지던 적자 폭도 눈에 띄게 줄었다.삼성전자는 4분기 2나노 1세대 양산에 돌입하며 내년 테일러 팹 가동으로 성장세를 이어갈 계획이다.삼성전자는 30일 3분기 실적 발표 컨퍼런스콜에서 “3분기에는 지난 분기 발생한 일회성 비용이 감소하고, 선단 공정 가동률이 개선되며 원가 절감 효과가 더해져 적자 폭이 대폭 축소됐다”고 밝혔다.

삼성전자 평택사업장(사진=삼성전자)회사 측은 “2나노 공정을 중심으로 역대 최대 수준의 수주 실적을 달성했고, 주요 고객사의 HPC(고성능 컴퓨팅)·AI 수요가 확대되면서 매출이 전분기 수준을 유지했다”고 설명했다.오는 4분기에는 2나노 공정이 본격적으로 양산에 돌입한다. 삼성전자는 “4분기에는 2나노 1세대 공정을 적용한 신제품의 본격 양산이 시작된다”며 “미국과 중국 주요 거래선의 HPC·오토(자동차용) 수요 확대에 따라 매출 증가와 함께 가동률·원가 효율 개선이 이어질 것”이라고 말했다.또 “AI와 HPC 수요가 여전히 견조한 만큼 첨단 공정 비중을 지속 확대해 안정적인 성장을 추진하겠다”고 덧붙였다.미국 테일러 팹 2026년 가동…내년 AI·HPC 수요 확대 이어져삼성전자는 미국 텍사스 테일러 지역에 건설 중인 신규 팹을 내년 2026년부터 본격 가동할 계획이다.회사는 “미국 내 다양한 고객들에게 첨단 반도체를 공급하기 위한 테일러 팹의 건설 마무리 및 설비 투자를 진행 중”이라며 “2나노 2세대, 17나노 CIS 등 신공정 양산 준비도 병행하고 있다”고 밝혔다.또 “2026년에는 고객 확보와 연계한 탄력적 설비 투자 집행 기조를 유지하면서 캐팩스(CAPEX) 규모를 2024년 수준으로 확대할 것”이라고 설명했다.

건설 중인 삼성전자 테일러 신규 파운드리 팹 전경(사진=삼성전자)삼성전자는 내년에도 AI·HPC 응용처 중심의 수요 확대가 이어질 것으로 내다봤다.회사는 “모바일 시장은 정체될 수 있으나 AI와 HPC 수요가 꾸준히 증가해 2·3나노 공정이 성장을 주도할 것”이라며 “기술 경쟁력 강화를 위한 차별화된 공정 개발에 집중하겠다”고 밝혔다.또 “미국 정부의 관세 정책 등으로 글로벌 공급망 불확실성이 상존하지만, 선단 공정 중심의 안정적 매출 성장 기조를 이어가겠다”고 강조했다.
"
24,https://n.news.naver.com/mnews/article/092/0002396144,[프로필] 김종우 SKC 사장,장경윤 기자(jkyoon@zdnet.co.kr),2025.10.30. 오후 1:31,"
			SK그룹은 30일 오전 임시 수펙스추구협의회를 열고 김종우 SK엔펄스 대표를 SKC 사장으로 선임한다고 밝혔다. 김종우 사장은 회사의 안정적 사업 운영과 미래 성장 기반 확보에 집중한다는 방침이다.

김종우 SKC 사장(사진=SK)다음은 김종우 사장의 주요 약력이다.■ 인적사항1969년생■ 학력고려대 MBA / 고려대 불어불문학■ 주요경력2025년 : SK시그넷 대표이사 겸) SK엔펄스 대표이사2023년 : 겸) (주)아이에스시 대표이사2022년 : SK엔펄스 대표이사2021년 : 겸) SK엔펄스 사업개발본부장2020년 : SKC BM혁신추진단장
"
25,https://n.news.naver.com/mnews/article/023/0003937850,"트럼프, 정상회담 후 힐튼호텔서 “치즈버거 주세요”",박지민 기자 bgm@chosun.com,2025.10.30. 오후 1:26,"


지난 29일 경북 경주시 힐튼호텔에서 '정상 특별 만찬'을 가진 도널드 트럼프 미국 대통령이 저녁 식사 자리 후 힐튼호텔 직원들과 기념 촬영을 하고 있다. /연합뉴스										도널드 트럼프 미국 대통령이 지난 29일 한·미 정상회담 직후 경주 힐튼호텔에 도착하자마자 ‘치즈버거’를 주문한 것으로 알려졌다.호텔 등에 따르면 트럼프 대통령은 29일 오후 4시 30분쯤 힐튼호텔 8층 객실에 도착하자마자 ‘치즈버거’를 주문했다고 한다. 트럼프 대통령은 또 ‘아메리칸 치즈’를 추가하고 특별히 케첩을 많이 달라고 요청했다. 한 호텔 직원은 “트럼프 대통령이 콜라 없이 치즈버거와 프렌치프라이, 케첩까지 남김없이 모두 드셨다”며 “아주 만족스러워했다”고 연합뉴스에 전했다.트럼프 대통령은 2시간 휴식한 뒤 힐튼호텔 그랜드볼룸에서 이재명 대통령 주최로 열린 정상 특별만찬에 참석했다. 이 자리에서도 트럼프 대통령은 “음식 맛이 아주 좋다. 고맙다”고 말하며, 만찬장에 있던 호텔 직원들에게 먼저 기념촬영을 제안했다. 당시 만찬 메뉴로는 경주 천년한우 등심과 경주 남산 송이버섯, 구룡포 광어, 영월 오골계와 트뤼프(트러플) 만두, 지리산에서 양식한 캐비아를 곁들인 최고급 양식 코스 요리가 제공됐다.트럼프 대통령이 묵은 8층 객실은 평소 VIP 방문객에게만 제공하는 객실이다. 그가 묵은 객실 유리창에는 방탄 유리가 추가로 설치된 것으로 전해졌다.국빈 일정을 소화한 트럼프 대통령은 30일 오전 힐튼호텔을 떠나 미·중 정상회담이 예정된 부산으로 향했다. 회담은 이날 오전 11시 김해공항 의전실 ‘나래마루’에서 열렸다.
"
26,https://n.news.naver.com/mnews/article/421/0008574001,실적 악화에 인적 쇄신 나선 SKT…첫 판사 출신 대표 선임,"이기범 기자 (Ktiger@news1.kr),김민수 기자 (kxmxs4104@news1.kr)",2025.10.30. 오후 1:24,"
SKT, 25년 만에 첫 분기 적자…인적쇄신 통해 분위기 반전 노려첫 법조인 출신 SKT 수장 정재헌 CEO…리스크 관리 적임자

서울 시내 한 SK텔레콤 대리점. 2025.6.29/뉴스1 ⓒ News1 김도우 기자(서울=뉴스1) 이기범 김민수 기자 = SK텔레콤(017670)이 사상 첫 분기 적자를 기록하자 대표를 교체하는 강수를 뒀다. 인적 쇄신을 통해 대규모 해킹 사태 영향을 최소화하고, 올해 4분기부터 반등을 노리겠다는 구상으로 풀이된다.SK텔레콤은 30일 신임 CEO로 정재헌 대외협력사장을 선임했다고 발표했다. 정 사장은 주주총회와 이사회 등을 거쳐 대표이사로 최종 선임될 예정이다.사상 첫 적자 발표와 대표 교체 동시 단행이날 SK텔레콤은 3분기 실적 발표와 대표 교체를 동시에 진행했다. 통상 11월 초에 하던 실적 발표와 12월 초에 하던 사장단 인사를 모두 앞당겼다.SK텔레콤은 올해 3분기 별도 기준 522억 원의 영업적자를 기록했다. 매출은 2조 6647억 원으로 전년 동기 대비 16.81% 감소했다. 금융감독원에 분기보고서를 제출하기 시작한 2000년 1분기 이후 첫 적자 전환이다. 실적 악화에 따라 3분기 배당도 하지 않기로 결정했다.업계에서는 SK텔레콤이 '빅배스'(big bath·부실을 한 번에 반영해 털고 가는 것) 전략을 취한 것으로 보고 있다.한 통신 업계 관계자는 ""SK텔레콤이 빅배스 전략을 통해 3분기 최대한 손실을 반영하고, 수장을 함께 교체해 4분기부터 반등하는 그림을 그린 것 같다""며 ""이를 통해 최대한 주가를 방어하겠다는 신호를 준 것""이라고 말했다.김양섭 SK텔레콤 최고재무책임자(CFO)는 이날 콘퍼런스 콜을 통해 ""멤버십 혜택과 고객감사 패키지가 연말까지 지속되는 만큼 4분기에도 일정 부분 이동통신 매출 감소가 예상되지만, 3분기 대비 확연히 줄 것""이라고 말했다. 또 ""2026년에는 실적 정상화가 예상된다""고 덧붙였다.

SK텔레콤은 정재헌 대외협력 사장을 신임 CEO로 선임했다고 30일 밝혔다. 사진은 정재헌 SKT CEO 모습. (SK텔레콤 제공. 재판매 및 DB 금지) 2025.10.30/뉴스1첫 법조인 출신 SKT CEO…해킹 사태 리스크 관리 적임자정 CEO는 SK텔레콤의 첫 법조인 출신 수장이다. 직전에는 대외협력 부문 사장을 맡았다는 점에서 대규모 해킹 사태 이후 리스크 관리에 역점을 둔 인사로 평가된다.판사 출신인 정 대표는 사법연수원 29기로 법원행정처 전산정보관리국장, 서울중앙지방법원 부장판사 등을 역임하며 20년간 법조계에 몸담았다. 이후 2020년부터 SK텔레콤에 입사했다. 당시 정 사장은 SK텔레콤 신사업을 담당하는 법무 조직 '법무2그룹' 그룹장(부사장)으로 영입된 뒤 2021년 뉴 비즈법무그룹장 등을 거쳐 2023년 12월 대외협력담당(사장)으로 임명됐다. SK그룹은 ""정 사장은 회사의 컴플라이언스 역량을 높이고, 거버넌스 체계 지속 고도화를 통해 고객 신뢰를 높일 계획""이라고 설명했다. 한편 유영상 SK텔레콤 대표는 SK수펙스추구협의회 AI위원회 위원장으로 자리를 옮겨 그룹 전반의 AI 확산 전략을 총괄한다.  2021년 11월 SK텔레콤 수장으로 선임된 유 대표는 지난해 3월 SK텔레콤 정기주주총회에서 3년 임기의 사내이사로 재선임된 바 있다.
		"
27,https://n.news.naver.com/mnews/article/421/0008573996,"대전협 비대위, '런베뮤 직원 과로사'에 ""비극 반복되지 않도록 싸울 것""",조유리 기자 (ur1@news1.kr),2025.10.30. 오후 1:21,"
""전공의법 시행 중에도 과로로 동료 잃는 아픔 겪어""""청년 과로로 지탱하는 구조 끝내야""

지난 28일 오전 인천시 미추홀구 런던베이글뮤지엄 인천점 모습 /뉴스1 ⓒ News1 박소영 기자(서울=뉴스1) 조유리 기자 = 유명 베이커리 브랜드 '런던베이글뮤지엄' 직원의 과로사 의혹과 관련해 대한전공의협의회 비상대책위원회(대전협 비대위)는 젊은 의사들 역시 과로로 동료를 잃는 아픔을 겪었다며 ""같은 시대를 살아가는 청년으로서, 비극이 반복되지 않도록 구조적인 문제 해결을 위해 싸워 나갈 것""이라고 목소리를 높였다.30일 대전협 비대위는 입장문을 내고 ""더 이상 대한민국이 청년들의 과로로 지탱되는 사회가 되지 않기를 바란다""며 이같이 밝혔다.비대위는 지난 7월 16일 런던베이글뮤지엄에서 근무하다 숨진 20대 청년과 그 유가족에게 애도와 위로를 표하며 ""우리 젊은 의사들 역시 멀지 않은 과거에 동료를 잃는 참담한 아픔을 겪었다""고 말했다.그러면서 ""주당 80시간을 초과할 수 없도록 한 '전공의의 수련환경 개선 및 지위 향상을 위한 법률(전공의법)'이 시행 중이었음에도, 법의 사각지대와 현장의 편법으로부터 한 청년의 생명을 지켜내지 못했다""고 토로했다.이어 ""오늘날에도 근로기준법은 존재하지만, 여전히 많은 청년이 법의 테두리 밖에서 과로로 내몰리고 있다""며 ""같은 시대를 살아가는 청년으로서, 다시는 이와 같은 비극이 반복되지 않도록 구조적인 문제 해결을 위해 싸워 나갈 것""이라고 강조했다.비대위는 ""과학기술 발전과 인공지능 도입으로 효율화를 논하는 시대에, 오히려 인간의 노동력은 더욱 값싸게 소모되는 이 역설적인 현실을 이제는 끝내야 한다""고 지적했다.또한 ""전공의들도 합리적인 환경에서 양질의 수련을 받을 수 있도록 제도적 개선을 이어나가고 정부·국회·학회 등 다양한 주체와 지속해서 소통하고 협력할 것""이라고 했다.아울러 ""비극적인 죽음을 둘러싸고 온라인상에서 벌어지는 고인에 대한 2차 가해나 사건의 본질을 흐리는 일부 부적절한 논쟁에 대해 깊은 유감을 표한다""며 ""한 청년의 죽음 앞에서 필요한 것은 비교가 아닌 애도""라고 덧붙였다.지난 2019년 한 소아청소년과 전공의가 36시간 연속 근무 중 사망했고, 이후 당시 주 110시간 이상 근무했던 것이 밝혀진 바 있다.

지난 9월 14일 서울 용산구 대한의사협회에서 열린 전공의노조 출범식에 전공의들의 요구안이 담긴 현수막이 걸려 있다./뉴스1 ⓒ News1 김도우 기자
"
28,https://n.news.naver.com/mnews/article/030/0003364817,[데스크라인]게임은 게임이다.,김원석 stone201@etnews.com,2025.10.30. 오후 1:20,"
			이재명 대통령이 보름 전 게임업계 최고경영자(CEO)들과 만났다. 배틀그라운드 게임이 화제였고 사장들과의 덕담도 오갔다. 간담회장 분위기는 모처럼 훈훈했다. 생경한 풍경이었다. 진보 보수를 떠나 그 동안 게임은 거리를 둬야 할 대상이었다. 표를 먹고 사는 정치인들 입장에서 학부모 표를 의식하지 않을 수 없기 때문이다.지난 10년 간 우리 사회에서는 게임을 질병코드로 등재할 지 여부에 대한 무수한 논쟁을 겪었다. 시간을 거슬러 올라가면 2005년 '바다이야기 사태' 트라우마가 있었다. 물론 아케이드 게임이였지만, 가까이 하기엔 너무 먼 대상이었다. 모두가 손사래를 쳤다. 괜히 엮이면 악의 축으로 분류됐기 때문이다. 그렇다. 게임은 그 동안 공공의 적이었다. 오락실 두더지 게임처럼 고개를 내밀면 정을 맞았다.그럼에도 우리나라 K게임은 생존했다. 아니 초고속으로 진화 중이다. 미국 중국 등 해외 기업과의 비대칭 규제에도 불구하고 30년 역사를 자랑한다. 서른 살을 넘은 엔씨소프트와 넥슨이 온라인 모바일 K게임의 역사를 만들었다. 그리고 넷마블 네오위즈 크래프톤 스마일게이트 펄어비스가 우리나라를 대표하는 게임사로 우뚝섰다.실제 우리 게임은 산업으로만 보면 엄청난 규모를 자랑한다. 우선 수출 효자다. 문화콘텐츠 수출 분야에서도 일등공신이다. 미국 일본 중국 대만 게이머들은 K게임에 열광한다. 사우디아라비아, UAE 등 오일머니도 한국 게임 아이템 사냥에 열을 올린다. 인도, 인도네시아 등 동남아시아 팬들도 급속도로 늘고 있다. 이 같은 산업적 토대를 기반으로 우리나라는 'e스포츠 종주국'이라는 명예스러운 수식어도 보유한 나라가 됐다. 일자리 창출에도 한 몫했다.그렇지만 게임은 악마화 과정을 겪어 왔다. 마녀사냥이라는 어둠의 터널을 지나왔다. 국내에서는 공부를 방훼하는 매개체로 낙인이 찍혔었다. 어린 자녀를 둔 부모들 중에는 장시간 게임을 놓고 심각한 갈등을 보이는 경우도 많았다. 마약 도박과 비슷한 행위 중독으로 간주되기도 했다. 급기야 질병코드 등재논쟁까지 발생했다. 그런 논리라면 스마트폰 중독, 틱톡 중독, 유튜브 중독도 심각하게 생각해 봐야 한다.게임은 문화다. 여가의 수단이다. 물론 10-20대 가운데 과몰입해서 자체 컨트롤이 힘든 청소년도 있다. 이같은 학생들은 국가가 제도적 교육으로 계도해야 한다. 환자로 만들지 말아야 한다.게임은 산업이다. 그 어떤 개발자도 재미 없는 게임을 만들지 않는다. 특히 지금처럼 게임의 홍수 시대에서는 개발 단계에서 프로젝트가 좌초되는 경우가 많다. 탄탄한 시나리오와 그래픽 음향이 없는 게임은 외면받는다. 어쩌면 칙센트 미하이가 강조한 '몰입'은 성공과 흥행을 위한 필수요소다. 밸런스의 문제이지, 몰입감을 없앤 게임을 만들 수 없지 않는가. 또 다른 관점은 자본력이다. 중국 기업들은 막대한 차이나 머니를 투자한다. 모바일 게임의 경우 구글 플레이스토어, 애플 앱스토어에 엄청난 마케팅 비용을 들인다. 우리나라 중소 게임 개발사가 버티기 쉽지 않는 유통 구조가 고착화 됐다.실제로 메이저 몇 몇 게임사를 제외하고는 우리 게임산업계는 위기에 직면했다. 타 산업의 일로만 여겨졌던 희망퇴직, 구조조정도 현실이 됐다. 상당수 개발자와 운영 스텝이 회사를 떠나고 있다.

김원석 부국장이제는 게임에 대한 시선을 바꿀 때이다. 문화체육관광부도 산업 육성에 나서야 한다. 지금까지 문체부는 질병코드, 게임 셧다운제와 중국 판호 등 현안에 대해 적극 행정은 취하지 않았다.
"
29,https://n.news.naver.com/mnews/article/092/0002396140,"[인터뷰] 깃허브 제품 부사장 ""개발자 우선 전략 현실화…투명한 AI 지원""",김미정 기자(notyetkim@zdnet.co.kr),2025.10.30. 오후 1:18,"
[깃허브 유니버스 2025] AI·인간 협업 구현…""AI가 만든 코드도 감시""[샌프란시스코(미국)=김미정 기자] ""우리 철학은 언제나 '개발자 우선'입니다. '에이전트 HQ(Headquaters)'를 발표한 이유이기도 합니다. 개발자가 안전한 환경에서 AI와 자유롭게 협업할 수 있는 열린 생태계를 제공할 것입니다""깃허브 시미나 파삿 제품 관리 부사장은 29일까지 미국 샌프란시스코 포트 메이슨 센터에서 열린 '깃허브 유니버스 2025'에서 지디넷코리아를 만나 제품 개발 방향성을 이같이 밝혔다.깃허브는 올해 차세대 플랫폼 비전 에이전트 HQ를 발표했다. 에이전트 HQ는 이번 깃허브 비즈니스 핵심축이다. 여러 AI 에이전트를 한 환경에서 연결·관리할 수 있도록 설계된 통합 허브를 구축하겠다는 전략이다.

깃허브 시미나 파삿 제품 관리 부사장.파삿 부사장은 ""개발자는 AI 모델뿐 아니라 에이전트까지 직접 선택할 수 있을 것""이라며 ""안전하고 투명한 환경에서 에이전트를 제어·관리할 수 있는 생태계가 열린 것""이라고 밝혔다.개발자 선택권, AI 생태계 중심으로

파삿 부사장은 에이전트 HQ 전략 실현을 위해 고객 피드백을 반영했다.파삿 부사장은 에이전트 HQ 전략 실현을 위해 고객 피드백을 반영했다고 밝혔다. 그는 ""고객은 AI로 반복 업무보다 창의적인 일에 집중하고 싶어했다""며 ""이에 AI 모델과 에이전트를 한 화면에서 관리하길 원했다""고 밝혔다.실제 깃허브는 오픈AI와 앤트로픽, 구글, 코그니션, xAI 등 주요 파트너 에이전트를 순차적으로 플랫폼에 통합하는 미션 컨트롤 기능을 발표했다. 이 기능은 코파일럿 유료 구독자만 이용 가능하다. 개발자는 미션 컨트롤로 에이전트 작업을 배정·검토할 수 있으며, 팀 전체 진행 상황을 실시간 확인할 수 있다.파삿 부사장은 AI 모델 선택권도 기존보다 넓혔다고 강조했다. 이번에 공개된 '모델 초이스'는 코파일럿뿐 아니라 클로드, 코덱스, 제미나이 등 다중 AI 모델을 동시에 활용 가능하게 돕는다. 이를 통해 개발자는 맞춤형 개발 파이프라인을 설계할 수 있다.개인 개발자뿐 아니라 기업 고객도 해당 기능을 이용할 수 있다. 기업은 'AI 제어 플레인'으로 조직 내에서 누가, 언제, 어떤 에이전트를 사용할 수 있는지 직접 관리할 수 있다. 또 제품 개발팀이나 실험 조직이 동일한 테스트를 반복할 때 매번 같은 지시를 내리지 않아도 되는 '커스텀 에이전트' 기능도 이용 가능하다.파삿 부사장은 ""기업 고객은 대규모 에이전트 운영 환경에서도 보안과 책임성을 확보할 수 있을 것""이라고 강조했다.""투명한 협업 구조 지원…AI 머릿속 볼 수 있어""

파삿 부사장은 개발자가 AI와 투명하게 협업할 수 있는 환경 구현에 힘썼다고 밝혔다.파삿 부사장은 개발자가 AI와 투명하게 협업할 수 있는 환경 구현에 힘썼다고 강조했다. 그는 ""투명성은 AI 신뢰의 핵심 가치""라며 ""모든 작업 과정을 투명하게 공개하는 것은 필수""라고 말했다.실제 깃허브는 미션 컨트롤에 투명성 강화 기능을 넣었다. 개발자는 이 기능을 통해 에이전트의 사고 과정(CoT)이나 툴 호출 내역, 코드 실행 흐름을 실시간 확인할 수 있다. 필요하면 즉시 개입해 잘못된 방향을 수정하거나, 코드 리뷰 단계에서 결과물을 재점검할 수 있다. 개발자뿐 아니라 기업 관리자도 이 기능을 통해 동일하게 확인할 수 있다.파삿 부사장은 이런 구조를 더 확장하기 위해 마이크로소프트와 협력하고 있다고 설명했다. 현재 두 기업은 '책임 있는 AI' 검증 프로세스를 공동 운영하고 있다. 모든 기능을 해당 프로세스를 통해 윤리성·신뢰성 검증을 거친다.현재 기업용 깃허브에서는 AI가 작성하거나 제안한 코드가 실제로 제품 코드에 반영되기 전 해당 검증을 거친다. 이후 개발자 두 명 이상이 반드시 이를 검토하고 승인해야 하는 규정도 있다.파삿 부사장은 빠르게 늘어나는 AI 코드 생성 속도에도 대응하고 있다고 밝혔다. 이를 위해 AI 결과물을 평가하는 '코드 품질 센터' 시스템도 플랫폼에 새로 도입했다고 말했다. 이 시스템은 AI가 작성한 코드라도 자동으로 테스트·리뷰·보안 점검을 동시에 수행해 품질과 안정성을 보장한다.예를 들어 AI가 새로운 기능을 구현하거나 버그를 수정하면, 코드 품질 센터가 즉시 테스트를 실행해 오류를 찾고, 보안 취약점이나 민감 정보 노출 여부를 자동으로 분석하는 식이다. 여기서 인간 개발자 검토도 실시간으로 이뤄진다.파삿 부사장은 ""AI가 코드를 쓰는 속도는 빠르지만, 결국 품질을 보증하는 것은 인간 역할""이라며 ""AI가 어떤 이유로 결과물을 냈는지 이해할 수 있어야 개발자와 기업이 안심할 것""이라고 말했다.
"
30,https://n.news.naver.com/mnews/article/366/0001118680,"메모리 역대 가장 많이 판 삼성전자, 왕좌 탈환 시동… “내년 HBM 수요 꽉 차, 증산 검토”",최지희 기자 hee@chosunbiz.com,2025.10.30. 오후 1:18,"
메모리 매출 분기 사상 최대… DS부문 ‘영업익 7조’ 실적 견인HBM 비트 판매량 80%대 급증·HBM4 11Gbps급 성능 자신파운드리, 2나노 양산 착수·역대 최대 수주 실적 달성엔비디아에 HBM3E 공급 본격화… AI 서버용 수요 폭발세

삼성전자 서초사옥./뉴스1        삼성전자가 인공지능(AI)발 수요 폭증에 힘입어 분기 기준 역대 최대 메모리 매출을 달성한 가운데, 경쟁사에 주도권을 내준 HBM(고대역폭메모리) 사업에서도 자신감을 드러냈다. 분기마다 수조원대 적자를 내 ‘아픈 손가락’으로 꼽히던 파운드리(반도체 위탁생산) 사업도 2나노(1나노는 10억분의 1m) 첨단 공정과 테슬라 등 대형 수주를 발판 삼아 실적 반등에 시동을 걸었다.삼성전자는 30일 3분기 실적 콘퍼런스콜에서 “AI 인프라 확보 경쟁에 따른 데이터센터 업체들의 하드웨어 투자가 계속해서 늘고 있다”며 “AI와 관련된 서버용 메모리 수요는 지속 증가 중이며 업계 내 공급량을 큰 폭으로 초과한 상황”이라고 전했다. 메모리 전례없는 호황… 엔비디아에도 HBM3E 공급 시작         삼성전자는 이날 실적발표를 통해 올해 3분기 반도체 사업을 담당하는 디바이스솔루션(DS)부문이 매출 33조1000억원, 영업이익 7조원을 기록했다고 밝혔다. 지난 2분기 영업이익이 4000억원에 그쳤던 것과 비교하면 극적인 반등이다.시장도 예상하지 못했던 깜짝 실적은 분기 기준 최대 매출을 경신한 메모리 사업부가 이끌었다. 파운드리 사업 역시 가동률 개선으로 전 분기(영업손실 2조5800억원) 대비 적자 규모를 반 이상 줄이며 반등에 힘을 보탰다. 증권가에서는 메모리 사업이 7조4000억원 안팎의 흑자를 냈고, 시스템LSI·파운드리 사업은 약 7000억원의 영업손실을 기록한 것으로 추정하고 있다.삼성전자는 AI 반도체 호황이 한동안 이어질 것으로 보고, 주문이 몰리는 HBM 등 고부가 제품 중심으로 수익성을 끌어올린다는 전략이다. 삼성전자는 이날 엔비디아 등 특정 고객사명을 직접 언급하지는 않았지만, “HBM 수요가 공급보다 빠른 속도로 늘어나고 있으며, 모든 고객사를 대상으로 HBM3E(5세대 HBM) 양산 판매를 확대하고 있다”고 밝혔다. 수차례 공급에 고배를 마시던 엔비디아에도 HBM3E 공급을 시작하면서, 큰 손 고객 AMD와 자체 AI 칩을 만드는 빅테크까지 주요 AI 칩 선두 주자들의 공급망에 합류한 것이다. 이 같은 수요에 힘입어 3분기 HBM 비트(bit) 판매량은 전 분기 대비 80%대 중반 수준으로 확대됐다. HBM4로 반전 노린다… “내년 생산 계획, 이미 수요 확보”        차세대 제품인 HBM4(6세대 HBM)에 대한 자신감은 더욱 두드러졌다. 삼성전자는 “HBM4는 이미 개발을 완료해 모든 고객들에 샘플을 출하한 상태로, 고객 일정에 맞춰 양산 출하 준비가 돼 있다”고 했다. 그러면서 “내년 HBM 생산 계획은 올해 대비 대폭 확대 수립했으나, 이 계획에 대한 고객 수요를 이미 확보 완료했다”며 “1c 나노 캐파(생산능력) 확대에 필요한 투자를 적극 실행해 나갈 예정이며, 고객 수요가 추가로 계속 접수되고 있어 HBM 증산 가능성을 내부 검토 중”이라고 밝혔다.기술적 우위도 자신했다. 삼성전자는 “최근 고객사들 사이에 GPU(그래픽처리장치) 성능 경쟁이 심화하면서 기존 계획을 변경해 더욱 높은 성능의 HBM4를 요구하고 있다”며 “회사는 HBM4 개발 착수 단계부터 이러한 요구를 사전에 반영해 현재 고객들에 전달된 샘플도 11Gbps 이상의 성능을 저전력으로 충분히 만족시킬 수 있다”고 했다. HBM 경쟁사인 SK하이닉스와 마이크론도 11Gbps 성능 목표를 두고 경쟁 중이지만, 마이크론은 이 스펙을 맞추는 데 어려움을 겪고 있는 것으로 알려졌다.이에 업계에서는 HBM4가 본격 공급되는 내년에는 삼성전자의 시장 점유율이 대폭 확대될 것으로 보고 있다. 시장조사업체 카운터포인트리서치에 따르면, 삼성전자는 올해 2분기 글로벌 HBM 시장에서 17%로 3위를 기록했지만, 내년에는 HBM4 양산을 기반으로 약 30%의 점유율을 차지할 전망이다.

그래픽=정서희  파운드리, 2나노·테슬라 수주로 부활 시동        메모리 사업과 함께 DS부문의 또 다른 축인 파운드리 사업 역시 최첨단 2나노 공정을 앞세워 반등을 예고했다. 삼성전자는 “3분기 2나노 1세대 공정을 적용한 첫 제품의 양산을 시작했으며 첨단 공정을 중심으로 역대 최대 수주 실적을 달성했다”고 밝혔다. 이 제품은 삼성의 자체 모바일 AP(애플리케이션 프로세스) ‘엑시노스 2600’으로 알려졌으며, 이는 내년 초 출시 예정인 갤럭시S26 시리즈에 탑재될 예정이다.최근 일론 머스크가 이끄는 전기차 기업 테슬라를 대형 고객사로 확보하면서, 파운드리 실적 반등 기대감도 한층 높아지고 있다. 삼성전자는 올 하반기 테슬라와 반도체 부문 단일 고객 기준 최대급 계약을 맺었다. 테슬라는 약 23조원 규모의 자체 AI 반도체 칩 ‘AI6’ 파운드리 수주 계약을 맺은 데 이어 당초 TSMC에만 맡기려던 ‘AI5’ 개발에 삼성전자를 포함했다.삼성전자는 실적 반등 기세를 내년에도 이어가기 위해 D램과 파운드리 모두 첨단 공정 기술력 확보에 집중한다는 계획이다. 삼성전자는 “D램은 차별화한 성능 기반의 HBM4 양산에 집중하는 동시에 AI용 DDR5, LPDDR5x, GDDR7 등 고부가 가치 제품 판매 비중을 확대할 계획”이라며 “낸드 또한 첨단공정 기반의 서버 SSD와 고용량 쿼드레벨셀(QLC) 등 고부가가치 제품 판매를 강화하고, 파운드리는 2나노 신제품과 HBM4 베이스다이 양산에 집중하며 내년부터 미국 테일러 팹을 본격 가동할 예정”이라고 말했다.
"
31,https://n.news.naver.com/mnews/article/031/0000976483,"[컨콜 종합] LG CNS ""AI·클라우드 호조…4분기 수익성 개선 전망""",윤소진 기자 sojin@inews24.com,2025.10.30. 오후 1:15,"
3분기 투자비 확대·프로젝트 이연 등 일시적 요인에 영업익 감소""AIDC 89% 급증·스마트엔지니어링 반등·북미 프로젝트 정상화""LG CNS가 AI·클라우드 부문의 호조에 힘입어 3분기 누적 매출 4조1,939억 원, 영업이익 3,399억 원을 기록하며 전년 대비 성장세를 이어갔다. 3분기 매출은 전년 대비 5.8% 증가했으나, 일부 프로젝트 이연과 대형 AI 데이터센터 초기 투자비 등 일회성 요인으로 수익성은 둔화됐다.

LG CNS 3분기 실적 요약. [사진=LG CNS]이현규 LG CNS CFO는 30일 열린 실적 컨퍼런스콜에서 “3분기 영업이익은 1,202억 원으로 매출 상승에도 불구하고 일부 프로젝트 계약이 4분기로 이연되고, 대규모 데이터센터 수주에 따른 초기 투자비가 반영됐다”며 “연간 기준으로는 전년 대비 수익성 증가 추세가 지속될 것”이라고 말했다.AI·클라우드 두 자릿수 성장…스마트엔지니어링도 반등

LG CNS 3분기 AI·클라우드 사업 실적. [사진=LG CNS]AI·클라우드 부문은 3분기 매출이 8,795억 원으로 전년 대비 10.6% 성장했다. 특히 AI 데이터센터(AIDC) 매출은 국내외 대형 코로케이션 사업 확대로 89% 급증했다.김태훈 AI·클라우드사업부장(전무)은 “LG전자 냉각기술과 LG에너지솔루션 배터리솔루션을 결합한 ‘One LG’ 전략으로 인도네시아 자카르타에서 100억 원 규모의 해외 AI 데이터센터를 수주했다”며 “동남아·유럽·중동으로 글로벌 확장을 추진 중”이라고 말했다.스마트엔지니어링 부문은 상반기 부진을 딛고 3분기 반등했다. 매출은 3064억원으로 전년 동기 대비 10.6% 증가했다. 상반기 비자 이슈로 지연됐던 북미 프로젝트도 대부분 해소되며 정상화 속도를 내고 있다.이준호 스마트물류&시티사업부장(상무)은 “방산·반도체·제약 분야에서 신규 수주가 늘었고, 북미 프로젝트는 현지 조직 확대와 원격 자동화 기술로 일정 지연을 최소화했다”고 말했다.LG CNS는 미국 로봇지능 기업 스킬드AI에 투자해 휴머노이드·양팔 로봇 기술을 확보하고, 제조·물류 현장에 AI 로봇을 적용한 RX(로보틱스 트랜스포메이션) 사업도 본격화한다.""디지털비즈니스 4Q 회복 전망…STO 시장 선점 목표""

LG CNS 3분기 디지털비즈니스 실적 요약. [사진=LG CNS]디지털비즈니스 서비스 부문은 3분기 매출 3365억원으로 전년 동기 대비 8.2% 감소했다.  공공부문 대형 프로젝트 종료와 대외 환경 요인으로 일시적 매출 정체가 있었지만, 4분기부터 차세대 시스템 구축과 금융·공공 디지털 전환 사업이 본격화될 전망이다.김홍근 디지털비즈니스사업부장(부사장)은 “공공사업은 대형 프로젝트 종료와 발주 시점 변화로 단기 매출이 감소했지만, 4분기부터 차세대 금융시스템 구축과 민간 디지털 플랫폼 사업이 늘어날 것”이라며 “스테이블코인·토큰증권 등 디지털 자산 플랫폼 시장 선점을 목표로 국내 법제화를 대비해 선제적으로 준비 중”이라고 밝혔다.LG CNS는 3분기 당기순이익 1,052억 원, 누적 3,649억 원을 기록하며 순이익도 안정적 흐름을 이어갔다. 부채비율 71%, 순차입금비율 –40%로 재무 건전성 역시 견조한 수준을 유지하고 있다.회사는 4분기에도 AI·클라우드 중심의 성장세를 이어가며, 기업용 에이전틱 플랫폼 ‘Agentic Works(에이전틱웍스)’와 업무혁신 서비스 ‘AXthink(에이엑스씽크)’를 앞세워 엔터프라이즈 시장 공략을 강화한다. 글로벌 불확실성 속에서도 안정적 매출 기반과 신규 고객 확장을 통해 연간 수익성 개선세를 유지한다는 전략이다.이현규 CFO는 “글로벌 거시경제 불확실성이 4분기에도 이어질 것으로 보이지만, 안정적인 그룹사 매출(캡티브)과 비(非)캡티브 신규 고객 확장을 통해 양호한 실적 흐름을 유지할 것”이라며 “AI·클라우드 기반 서비스 수요 확대, AI 데이터센터 국내외 확장, 기업들의 에이전틱 AI 플랫폼 도입 등을 통해 연간 매출과 영업이익률 모두 전년 대비 성장이 예상된다”고 말했다.그는 이어 “클라우드·AI 중심 포트폴리오를 기반으로 질적 성장을 이어가고, 글로벌 시장에서는 금융·제조·방산 등 주요 산업의 디지털 전환 수요를 적극 공략하겠다”고 덧붙였다.
"
32,https://n.news.naver.com/mnews/article/092/0002396139,"SKT ""이탈 고객 수 회복보다 질적 회복 집중할 것""",진성우 기자(jinterview@zdnet.co.kr),2025.10.30. 오후 1:14,"
""이탈 고객 중심의 회복 노력은 시장 과열될 수 있어…본질적 경쟁력 강화""SK텔레콤은 향후 마케팅 전략에 대해 이탈한 가입자를 회복하는 노력 대신 본질적인 경쟁력 강화에 집중할 방침이다. 이탈 가입자 중심의 경쟁은 시장 과열을 유발할 수 있다는 이유에서다.SK텔레콤은 30일 열린 3분기 실적 발표 컨퍼런스콜에서 ""7월 14일까지의 위약금 면제 기간 종료 후, 고객 신뢰 회복을 위해 노력한 결과 8월과 9월에 기존 고객 방어와 함께 순증세로 전환했다""고 밝혔다.그러면서 ""단순히 이탈 고객 수를 늘리는 방식보다 질적 회복에 중점을 두고 있다""며 ""고객 분석을 기반으로 유통채널별 맞춤 요금제와 서비스 제공에 집중할 것”이라고 덧붙였다.

아울러 SK텔레콤은 4분기까지 해킹 여파가 이어지더라도 3분기보다 매출 감소폭은 완화될 것으로 전망했다.김양섭 SK텔레콤 최고재무책임자(CFO)는 ""해킹 사태로 인해 3분기 통신 부문 매출이 전분기 대비 약 5천억원 감소했다""며 ""이는 대부분 사이버 침해 사고 여파에 따른 것""이라고 설명했다.이어 그는 ""8월 전 고객 대상 50% 요금 할인과 T멤버십 혜택 강화가 매출에 직접적인 영향을 줬다""도 말했다.또 ""비용 측면에서는 개인정보보호위원회에서 부과받은 과징금 1천348억원이 3분기 영업비용으로 반영됐다""고 부연했다.다만 김 CFO는 연말에 비용 집행이 집중되는 시기인 만큼 영업이익 측면에서 보수적인 접근이 필요하다고 했다.회사는 2026년에 가입자 신뢰 회복을 기반으로 통신 부문 매출 성장을 지속 추진한다는 방침이다.김 CFO는 ""아직 경영 계획 확정 전이라서 구체적인 전망치를 말씀드리기는 어렵다""며 ""비용 집행을 최대한 효율화해 해킹 이슈 이전 수준의 영업이익을 달성할 수 있도록 최선을 다할 것""이라고 약속했다.SK텔레콤은 올 3분기 매출 3조9천781억원, 영업이익 484억원을 달성했다. 이는 전년 동기 대비 각각 12.2%, 90.9% 감소한 결과다. 당기순손실은 1천667억원으로, 적자 전환됐다.
"
33,https://n.news.naver.com/mnews/article/092/0002396138,"시진핑 ""中번영과 美부흥 상충하지 않아""...트럼프 ""더 많은 합의 가능""",박수형 기자(psooh@zdnet.co.kr),2025.10.30. 오후 1:14,"
[APEC2025] 6년 만에 한국에서 만나 양국 정상회담시진핑 중국 국가주석이 도널드 트럼프 미국 대통령을 만나 중국의 번영이 미국의 부흥과 상충하지 않는다고 했다. 트럼프 대통령은 시 주석을 만나 영광이라며 이미 많은 것에 이어 더 많은 합의를 이끌겠다고 밝혔다.트럼프 대통령과 시 주석은 30일 한국 김해국제공항에서 6년 만에 만나 미중정상회담을 가졌다.트럼프 대통령은 모두발언을 통해 “오랜 친구로 지내온 중국의 아주 뛰어나고 존경받는 시진핑 주석을 다시 뵙게 돼 영광”이라고 운을 뗐다.이어, “우리는 몇 가지 논의를 할 예정”이라면서 “이미 많은 것들에 합의했다고 생각하며 지금 여기서도 몇 가지 더 합의할 것”이라고 밝혔다. 또 “시 주석은 위대한 나라의 위대한 지도자”라면서 “우리는 오랜 기간 놀라운 관계를 맺게 될 것이라고 생각한다”고 말했다.

사진_뉴스1, 로이터시 주석은 이에 “트럼프 대통령 당선 후 세 차례 통화하고 여러 차례 서신을 교환하며 긴밀한 소통을 유지해 중미 관계의 전반적 안정을 함께 이끌어 왔다”고 화답했다.특히 “며칠 전 양국 경제무역 협상팀은 말레이시아 쿠알라룸푸르에서 새로운 협상을 개최하고 각자의 주요 관심사를 해결하기 위해 기본적인 합의를 이뤘다”며 “이는 오늘 회담에 필요한 조건을 마련했다”고 설명했다.시 주석은 또 “중국과 미국은 국가 상황이 다르기 때문에 일부 의견 차이가 있을 수 있고 2대 경제 대국으로 때때로 마찰이 있을 수 있다”며 “풍랑과 도전에 직면해 나와 트럼프 대통령은 '조타수'로서 방향을 잘 잡고 정세를 잘 관리해 중미라는 큰 배가 안정적으로 나아가도록 해야 한다”고 강조했다.그러면서 “중국의 발전과 부흥은 트럼프 대통령이 실현코자 하는 ‘미국을 다시 위대하게(MAGA)’와 모순되지 않는 것으로 중미 양국은 충분히 상호 성취하고 공동 번영할 수 있다”고 했다.이어, “중미 양국은 파트너가 되고 친구가 돼야 한다. 이는 역사적 교훈이자 현실적 필요”라며 “저는 트럼프 대통령과 함께 미중 관계의 견고한 토대를 마련하고 두 나라가 각자 발전할 수 있는 좋은 환경을 지속해서 조성할 용의가 있다”고 밝혔다.아울러 “오늘날 세계에는 여전히 많은 난제가 있으며 중국과 미국은 함께 대국의 책임을 보여주고 양국과 세계에 유익하고 크며 좋은 일을 함께 더 많이 할 수 있다”고 덧붙였다.이번 회담에서는 상호관세를 비롯해 희토류 등 수출 통제, 해운 부과금, 중국의 미국산 대두 수입 중단, 중국 동영상 플랫폼 틱톡의 미국 사업권 매각, 러우 전쟁 등 여러 현안이 폭넓게 다뤄질 것으로 보인다.한편 양국의 정상회담은 약 1시간 40분 만에 종료됐다. 공식 회담이 종료된 뒤 두 정상은 나란히 서서 악수를 나눈 뒤 회담장을 떠났다.
"
34,https://n.news.naver.com/mnews/article/015/0005204442,"'일본 영토' 검색했더니…네이버 AI ""독도는 일본땅"" 황당 답변 [이슈+]",김대영 한경닷컴 기자 kdy@hankyung.com,2025.10.30. 오후 1:13,"
네이버 AI 브리핑 검색서""독도는 일본땅"" 답변 논란일본 외무성 자료 통해 답변네이버, 인지 즉시 조치 완료

독도. 사진=게티이미지뱅크네이버가 야심차게 선보였던 인공지능(AI) 검색 서비스에서 ""독도는 일본땅""이란 답변이 나와 논란이 일었다. 네이버 검색창에 '일본 영토'를 검색할 경우 일본 외무성 자료를 토대로 이 같은 답변이 노출된 것이다. 네이버는 이 같은 문제를 인지한 즉시 조치를 취한 것으로 확인됐다. 네이버는 30일 오전 8시9분 자사 AI 검색 서비스 'AI 브리핑'을 통해 ""독도는 일본 영토""라는 답변이 노출되지 않도록 했다고 밝혔다. 일단 '일본 영토'를 검색할 경우 AI 브리핑 답변 자체가 표시되지 않는 방식으로 조치를 취한 상태다. 서경덕 성신여대 교수는 이날 페이스북을 통해 ""국내 최대 포털 사이트 네이버에서 검색창에 '일본영토'와 '일본 영토'를 검색하면 AI 답변에서 독도를 일본 영토로 간주해 논란이 일고 있다""며 ""누리꾼 제보를 통해 알게 됐고 직접 확인해 보니 '일본영토를 검색하면 '일본의 영토는 독도(다케시마), 북방영토, 센카쿠 열도 등으로 구성돼 있다'고 설명한다""고 지적했다. 실제로 서 교수가 함께 공개한 검색 결과 이미지를 보면 AI 브리핑은 일본의 주요 영토 중 하나로 '독도'를 언급하면서 옆에 '다케시마'라는 명칭을 함께 표시했다. '일본 영토'로 띄어쓰기를 한 다음 검색하자 ""독도(다케시마): 일본은 독도를 자국 영토로 주장하며 한국과 영유권 분쟁중""이라고 답변했다.AI 브리핑이 이 같이 답변한 이유는 정부 기관 등의 공공문서를 활용했기 때문으로 보인다. AI 브리핑은 할루시네이션(환각)을 최소화하기 위해 정책 관련 정보를 검색할 경우 공공문서 기반으로 답변을 제시하도록 개발됐다. '독도는 일본땅'이란 내용의 경우 일본 외무성 홈페이지에 있는 자료를 활용하는 과정에서 나온 것으로 파악됐다. 서 교수는 ""챗GPT 등 해외에서 개발된 AI에선 대부분 독도를 분쟁지역으로 표현하고 있어 지금까지 꾸준히 항의를 해왔다""며 ""국내 대표 포털 사이트 네이버에서 국가적으로 중요한 사안에 대해 이런 결과를 확인하지 않았다는 건 있을 수 없는 일""이라고 비판했다. 그러면서 ""모쪼록 국내외 AI가 독도에 관한 올바른 답변을 내놓기 위해선 독도에 대한 다국어로 된 정확한 자료를 전 세계에 지속 확산시켜야 할 것""이라며 ""진정한 AI 시대를 맞아 우리도 독도에 대한 글로벌 대응법을 다시 재점검해야 할 때""라고 주장했다. 네이버 관계자는 ""질의 내용에 더욱 적합한 검색 결과를 바탕으로 AI 브리핑이 생성될 수 있도록 면밀히 살피며 서비스 개선해 나갈 것""이라고 했다.

자료=서경덕 성신여대 교수 페이스북 계정 캡처앞서 국회 국방위원회 국정감사에선 구글이 독도를 '다케시마'로 표현하는 것이 ""중립적 표현""이란 입장을 밝혀 논란이 되기도 했다. 황성혜 구글코리아 부사장은 지난 13일 국감 당시 구글의 날씨 정보에 표기되는 '다케시마', '일본해' 관련 질의가 이어지자 ""구글 서비스는 전 세계에서 통용되는 서비스다 보니 그런 지역은 중립적 언어를 쓰게 된다""고 답변했다. 이에 비해 넷플릭스가 올해 공개했던 오리지널 예능 시리즈 '대환장 기안장'은 영어·일본어 자막으로 독도 명칭을 정확하게 표기해 호평 받기도 했다. 이전만 해도 넷플릭스에선 동해를 '일본해'로 표기됐지만 '대환장 기안장'이 독도를 일본식 음차인 '도쿠도(ドクト)'로 표기하면서 화제가 된 것이다. 서 교수는 당시 ""이번 독도의 정확한 표기는 환영할 일""이라며 ""독도에 관한 일본의 억지 주장에 단호히 대처하고 예능·드라마·영화 등 문화 콘텐츠를 활용한 전 세계 독도 홍보를 더욱 강화해야 한다""고 주문했다.
"
35,https://n.news.naver.com/mnews/article/138/0002208207,SKT “무배당 불가피”…요금제 다양화+AI로 반등 집중(컨콜 종합),오병훈 기자(digimon@ddaily.co.kr),2025.10.30. 오후 1:11,"
[컨콜] 영업익 전년比 91%↓…보상안+과징금 이중고로 실적부진

[ⓒSK텔레콤][디지털데일리 오병훈기자] SK텔레콤이 3분기 배당을 실시하지 않기로 결정하고 실적 회복에 집중하기로 했다. SK텔레콤은 해킹사태로 가입자 이탈과 보상 프로그램 비용으로 매출·영업이익 감소를 기록한 상황이다. 반등을 위한 키워드는 ‘요금제 다양화’와 ‘인공지능(AI)’이다. AI는 앞서 시작한 AI 사업 수익모델(BM)을 구체화하는 단계다. 2030세대를 겨냥한 요금제 ‘에어’로 가입자 저변을 넓히는데 집중한다.다만 배당 미실시 자체는 신뢰회복과는 거리가 멀다는 지적도 나온다. 컨퍼런스 콜에선 불분명한 배당 정책이 오히려 투자자 불확실성을 키울 수 있다는 비판이 나왔다. SK텔레콤은 오는 4분기 배당은 향후 재무 상황에 따라 결정하겠다는 입장이다.김양섭 SK텔레콤 최고재무책임자(CFO)는 30일 2025년 3분기 실적발표 컨퍼런스 콜에서 “통신사업에서는 고객 신뢰 회복을 최우선으로 본원적 경쟁력을 강화하겠다”며 “한국 대표 통신사로서 위상을 되찾기 위해 노력하는 한편 AI 사업은 본격적인 성과를 창출할 수 있도록 하겠다”고 말했다.◆보상안+과징금 ‘이중고’...3분기 무배당 불가피이번 배당 미실시 주요 원인은 해킹사태 여파에 따른 각종 비용 상승이다. 금융감독원 전자공시시스템(DART)에 따르면 SK텔레콤의 한국채택국제회계기준(K-IFRS) 3분기 연결 매출은 3조9781억원, 영업이익은 484억원을 기록했다. 각각 전년과 비교해 12.2%, 90.9% 감소한 수치다. 당기순손실은 1667억원을 기록하며 적자전환했다.김 CFO는 매출 감소 주요 원인으로 해킹 사태 보상안 ‘책임과 약속’ 추진 비용과 개인정보보호위원회 과징금 등을 지목했다. SK텔레콤은 지난 7월 해킹 보상안으로 전 가입자 대상 8월 요금 50% 할인과 멤버십 할인 확대를 내세웠다. 요금제 할인은 매출에 직결되는 부분으로 이로 인한 매출 감소폭이 가장 컸다는 것이 김 CFO 설명이다. 아울러 개인정보보호위원회는 지난 8월 SK텔레콤에 1348억원 규모 과징금을 부과하기로 했다.김 CFO는 “전례 없는 재무 실적 악화에 따라 불가피하게 3분기 배당을 시행하지 않기로 했다”며 “재무적 영향이 연간 지속되고 있지만 향후에는 배당을 재개할 수 있도록 최선을 다하겠다”고 말했다.다만 특수한 상황이라 해도 분기 배당을 약속한 상황에서 배당을 실시하지 않는 것은 투자자 신뢰를 떨어뜨릴 수 있다는 지적이 이날 컨콜에서 제기됐다.한 증권사 애널리스트는 “공시에서 연결순이익 50%를 배당한다고 명시됐고 이것이 조정순이익 기준으로 이해하고 있었는데 아니었냐”며 “조정순이익 50%가 아니라 단순 당기순이익 50%라면 일회성 비용이 발생할 때마다 배당 감소가 있을 수도 있냐”고 물었다.이에 김 CFO는 “3분기는 개인정보보호위원회 과징금 부과 등이 영업외 일회성 비용이 발생하면서 부득이하게 무배당을 결정하게 됐다”며 “SK텔레콤의 주주환원 정책인 연결조정당기순익 50%는 상징적인 하한선을 의미한다”고 말했다.

[ⓒSK텔레콤]◆요금제 다양화와 AI로 실적 반등 정조준SK텔레콤은 실적 회복 전략으로 요금제 다양화를 통한 가입자 저변 확대와 AI 사업 매출 확보를 내세웠다. 가입자는 이미 회복 추세이며 자급제 전용 요금제 ‘에어’를 통해 2030을 집중 공략하고 가입자 순증을 이어간다. AI 사업은 AIDC를 통한 안정적인 매출에 더해 소비자 대상 거래(B2C)에서는 에이전트 AI 서비스 에이닷 부분 유료화로 추가적인 매출 창구를 확보한다.정성용 SK텔레콤 마케팅전략팀장은 “8월과 9월에는 성공적으로 가입자 방어와 동시에 가입자 순증 기조로 전환을 이뤄냈다”고 말했다.한국통신사업자연합회(KTOA)이 발표한 이동전화 번호이동자수 현황에 따르면 9월 말 기준 SK텔레콤 가입자는 1만3224건 순증했다. 지난 8월 말 기준으로도 1만3090명 순증을 기록했다.SK텔레콤은 에어를 통해 온라인 활동이 왕성한 2030세대를 겨냥한다. 온라인 유통망 확장 추세에 따라 모든 가입 절차를 온라인으로 진행 가능하도록 했으며 복잡한 부가 서비스 및 결합 서비스를 줄이고 저렴한 가격으로 요금제를 설계했다는 설명이다.정 팀장은 “에어는 가입자가 많이 이용하는 데이터 구간을 중심으로 6종의 요금제를 제시하고 유무선 결합이나 가족 결합 등을 지원하지 않는 대신 저렴한 가격대로 제공한다”며 “에어 출시를 통해 보다 다양한 고객 수요를 충족시킬 수 있을 것으로 기대하고 있다”고 강조했다.AI 사업에서는 AIDC 사업과 에이닷 사업을 중심으로 추가 수익 창출에 속도를 낸다. 지난 9월 공사를 시작한 SK AIDC 울산은 오는 2027년부터 수익이 발생할 것으로 전망된다. 이후 점차 용량을 확장하면서 매출도 함께 비례 성장할 것이란 게 SK텔레콤 측 설명이다.조정민 SK브로드밴드 AIDC기획본부장은 “서울 구로구 지역에 추가 AIDC 건설을 추진 중이며 현재 설계를 착수한 단계”라며 “서울에 데이터센터를 구축할 수 있는 마지막 입지라는 희소성과 대용량 부지 규모 덕분에 높은 수요가 있을 것으로 예상한다”고 말했다.에이닷을 통해서는 내년 상반기 중 유료화 상품을 출시한다. 에이닷 내 일부 콘텐츠를 중심으로 월간 구독 상품을 선보이거나 통신 요금제를 활용한 결합상품 등 수익모델(BM)을 모색할 전망이다.김지훈 SK텔레콤 AI사업전략본부장은 “에이닷 내 킬러콘텐츠를 중심으로 한 구독 상품이나 결합 상품 형태로 내년 상반기 출시를 목표로 하고 있다”며 “‘에이전틱 워크플로우’ 기능과 같은 B2B 수익 모델을 통해서는 4분기부터 매출이 발생할 것으로 예상한다”고 말했다.
"
